,County,Region,FIPS Code,B01001A_001E,B01001A_002E,B01001A_003E,B01001A_004E,B01001A_005E,B01001A_006E,B01001A_007E,B01001A_008E,B01001A_009E,B01001A_010E,B01001A_011E,B01001A_012E,B01001A_013E,B01001A_014E,B01001A_015E,B01001A_016E,B01001A_017E,B01001A_018E,B01001A_019E,B01001A_020E,B01001A_021E,B01001A_022E,B01001A_023E,B01001A_024E,B01001A_025E,B01001A_026E,B01001A_027E,B01001A_028E,B01001A_029E,B01001A_030E,B01001A_031E,B01001B_001E,B01001B_002E,B01001B_003E,B01001B_004E,B01001B_005E,B01001B_006E,B01001B_007E,B01001B_008E,B01001B_009E,B01001B_010E,B01001B_011E,B01001B_012E,B01001B_013E,B01001B_014E,B01001B_015E,B01001B_016E,B01001B_017E,B01001B_018E,B01001B_019E,B01001B_020E,B01001B_021E,B01001B_022E,B01001B_023E,B01001B_024E,B01001B_025E,B01001B_026E,B01001B_027E,B01001B_028E,B01001B_029E,B01001B_030E,B01001B_031E,B01001C_001E,B01001C_002E,B01001C_003E,B01001C_004E,B01001C_005E,B01001C_006E,B01001C_007E,B01001C_008E,B01001C_009E,B01001C_010E,B01001C_011E,B01001C_012E,B01001C_013E,B01001C_014E,B01001C_015E,B01001C_016E,B01001C_017E,B01001C_018E,B01001C_019E,B01001C_020E,B01001C_021E,B01001C_022E,B01001C_023E,B01001C_024E,B01001C_025E,B01001C_026E,B01001C_027E,B01001C_028E,B01001C_029E,B01001C_030E,B01001C_031E,B01001D_001E,B01001D_002E,B01001D_003E,B01001D_004E,B01001D_005E,B01001D_006E,B01001D_007E,B01001D_008E,B01001D_009E,B01001D_010E,B01001D_011E,B01001D_012E,B01001D_013E,B01001D_014E,B01001D_015E,B01001D_016E,B01001D_017E,B01001D_018E,B01001D_019E,B01001D_020E,B01001D_021E,B01001D_022E,B01001D_023E,B01001D_024E,B01001D_025E,B01001D_026E,B01001D_027E,B01001D_028E,B01001D_029E,B01001D_030E,B01001D_031E,B01001E_001E,B01001E_002E,B01001E_003E,B01001E_004E,B01001E_005E,B01001E_006E,B01001E_007E,B01001E_008E,B01001E_009E,B01001E_010E,B01001E_011E,B01001E_012E,B01001E_013E,B01001E_014E,B01001E_015E,B01001E_016E,B01001E_017E,B01001E_018E,B01001E_019E,B01001E_020E,B01001E_021E,B01001E_022E,B01001E_023E,B01001E_024E,B01001E_025E,B01001E_026E,B01001E_027E,B01001E_028E,B01001E_029E,B01001E_030E,B01001E_031E,B01001F_001E,B01001F_002E,B01001F_003E,B01001F_004E,B01001F_005E,B01001F_006E,B01001F_007E,B01001F_008E,B01001F_009E,B01001F_010E,B01001F_011E,B01001F_012E,B01001F_013E,B01001F_014E,B01001F_015E,B01001F_016E,B01001F_017E,B01001F_018E,B01001F_019E,B01001F_020E,B01001F_021E,B01001F_022E,B01001F_023E,B01001F_024E,B01001F_025E,B01001F_026E,B01001F_027E,B01001F_028E,B01001F_029E,B01001F_030E,B01001F_031E,B01001G_001E,B01001G_002E,B01001G_003E,B01001G_004E,B01001G_005E,B01001G_006E,B01001G_007E,B01001G_008E,B01001G_009E,B01001G_010E,B01001G_011E,B01001G_012E,B01001G_013E,B01001G_014E,B01001G_015E,B01001G_016E,B01001G_017E,B01001G_018E,B01001G_019E,B01001G_020E,B01001G_021E,B01001G_022E,B01001G_023E,B01001G_024E,B01001G_025E,B01001G_026E,B01001G_027E,B01001G_028E,B01001G_029E,B01001G_030E,B01001G_031E,B01001H_001E,B01001H_002E,B01001H_003E,B01001H_004E,B01001H_005E,B01001H_006E,B01001H_007E,B01001H_008E,B01001H_009E,B01001H_010E,B01001H_011E,B01001H_012E,B01001H_013E,B01001H_014E,B01001H_015E,B01001H_016E,B01001H_017E,B01001H_018E,B01001H_019E,B01001H_020E,B01001H_021E,B01001H_022E,B01001H_023E,B01001H_024E,B01001H_025E,B01001H_026E,B01001H_027E,B01001H_028E,B01001H_029E,B01001H_030E,B01001H_031E,B01001I_001E,B01001I_002E,B01001I_003E,B01001I_004E,B01001I_005E,B01001I_006E,B01001I_007E,B01001I_008E,B01001I_009E,B01001I_010E,B01001I_011E,B01001I_012E,B01001I_013E,B01001I_014E,B01001I_015E,B01001I_016E,B01001I_017E,B01001I_018E,B01001I_019E,B01001I_020E,B01001I_021E,B01001I_022E,B01001I_023E,B01001I_024E,B01001I_025E,B01001I_026E,B01001I_027E,B01001I_028E,B01001I_029E,B01001I_030E,B01001I_031E
0,Alameda,Bay Area,001,631037.0,314747.0,14893.0,14588.0,14790.0,8798.0,6325.0,16637.0,24375.0,27116.0,45649.0,45744.0,45666.0,30946.0,13863.0,5357.0,316290.0,14012.0,13325.0,14450.0,8358.0,6618.0,16574.0,24054.0,25114.0,42773.0,42799.0,45417.0,34981.0,17800.0,10015.0,171922.0,81039.0,3870.0,4218.0,4725.0,2973.0,2101.0,5654.0,7375.0,6607.0,10980.0,10698.0,10918.0,6879.0,2959.0,1082.0,90883.0,4029.0,4324.0,4988.0,2880.0,2142.0,5680.0,7270.0,6656.0,12190.0,12515.0,12789.0,8691.0,4470.0,2259.0,11037.0,5051.0,178.0,356.0,243.0,144.0,148.0,293.0,408.0,374.0,912.0,820.0,614.0,406.0,126.0,29.0,5986.0,334.0,429.0,538.0,180.0,112.0,332.0,449.0,493.0,733.0,811.0,862.0,464.0,142.0,107.0,519249.0,248588.0,14771.0,15027.0,13990.0,7641.0,5479.0,13846.0,20240.0,22687.0,42944.0,33819.0,27859.0,18490.0,8563.0,3232.0,270661.0,13993.0,14492.0,13253.0,7351.0,5668.0,13835.0,21103.0,25139.0,46823.0,37233.0,32403.0,22326.0,10828.0,6214.0,13648.0,6470.0,301.0,,,,,,,,,,,,,,,,,,,,,,,,,,,,,,,,,,,,,,,,,,,,,,,,,,,,,,,,,,,,,,,,,,,,,,,,,,,,,,,,,,,,,,,,,,,,,,,,,,,,,,,,,,,,,,,,,,,,,,,,,,,,,,,,,,,,,,,,,,,,,,,,,,,,,,,,
1,Alpine,Sierras,003,663.0,360.0,13.0,0.0,17.0,14.0,0.0,0.0,8.0,29.0,29.0,29.0,84.0,130.0,4.0,3.0,303.0,22.0,6.0,6.0,8.0,4.0,0.0,3.0,4.0,52.0,5.0,69.0,110.0,7.0,7.0,10.0,5.0,0.0,0.0,0.0,0.0,0.0,0.0,0.0,5.0,0.0,0.0,0.0,0.0,0.0,0.0,5.0,0.0,0.0,0.0,0.0,0.0,0.0,0.0,5.0,0.0,0.0,0.0,0.0,0.0,0.0,360.0,170.0,9.0,8.0,31.0,1.0,0.0,9.0,18.0,4.0,22.0,8.0,13.0,24.0,23.0,0.0,190.0,17.0,14.0,7.0,19.0,1.0,14.0,5.0,22.0,42.0,2.0,20.0,22.0,2.0,3.0,6.0,5.0,0.0,5.0,0.0,0.0,0.0,0.0,0.0,0.0,0.0,0.0,0.0,0.0,0.0,0.0,1.0,0.0,0.0,0.0,0.0,0.0,0.0,0.0,0.0,1.0,0.0,0.0,0.0,0.0,0.0,4.0,0.0,0.0,,,,,,,,,,,,,,,,,,,,,,,,,,,,,,,,,,,,,,,,,,,,,,,,,,,,,,,,,,,,,,,,,,,,,,,,,,,,,,,,,,,,,,,,,,,,,,,,,,,,,,,,,,,,,,,,,,,,,,,,,,,,,,,,,,,,,,,,,,,,,,,,,,,,,,,,
2,Amador,Sierras,005,33040.0,17534.0,674.0,704.0,722.0,421.0,311.0,656.0,913.0,953.0,2313.0,2374.0,2856.0,2894.0,1304.0,439.0,15506.0,665.0,628.0,663.0,337.0,270.0,478.0,664.0,722.0,1467.0,1727.0,2873.0,3044.0,1232.0,736.0,931.0,866.0,0.0,0.0,0.0,38.0,28.0,66.0,114.0,66.0,178.0,200.0,99.0,77.0,0.0,0.0,65.0,0.0,0.0,0.0,0.0,8.0,0.0,1.0,0.0,0.0,13.0,0.0,43.0,0.0,0.0,276.0,209.0,14.0,0.0,0.0,0.0,0.0,6.0,19.0,2.0,16.0,48.0,80.0,17.0,7.0,0.0,67.0,0.0,0.0,4.0,4.0,0.0,1.0,7.0,0.0,5.0,16.0,17.0,8.0,5.0,0.0,375.0,221.0,0.0,0.0,0.0,0.0,0.0,3.0,41.0,6.0,16.0,95.0,13.0,36.0,5.0,6.0,154.0,0.0,0.0,0.0,0.0,5.0,0.0,15.0,0.0,0.0,55.0,18.0,24.0,26.0,11.0,30.0,30.0,0.0,,,,,,,,,,,,,,,,,,,,,,,,,,,,,,,,,,,,,,,,,,,,,,,,,,,,,,,,,,,,,,,,,,,,,,,,,,,,,,,,,,,,,,,,,,,,,,,,,,,,,,,,,,,,,,,,,,,,,,,,,,,,,,,,,,,,,,,,,,,,,,,,,,,,,,,,
3,Butte,Far North,007,178568.0,87260.0,4604.0,4930.0,4421.0,2835.0,2807.0,8928.0,6125.0,5068.0,9921.0,9355.0,11677.0,10213.0,4694.0,1682.0,91308.0,4269.0,4658.0,4296.0,2714.0,2979.0,8742.0,5719.0,5061.0,9927.0,9677.0,12890.0,11561.0,6042.0,2773.0,3866.0,2014.0,85.0,44.0,81.0,48.0,196.0,258.0,236.0,38.0,374.0,251.0,225.0,105.0,37.0,36.0,1852.0,64.0,171.0,135.0,56.0,202.0,258.0,101.0,141.0,134.0,243.0,183.0,82.0,48.0,34.0,2628.0,1341.0,20.0,115.0,71.0,11.0,24.0,98.0,45.0,187.0,183.0,187.0,159.0,171.0,69.0,1.0,1287.0,77.0,96.0,52.0,57.0,65.0,111.0,64.0,98.0,133.0,139.0,180.0,114.0,85.0,16.0,10743.0,5297.0,418.0,275.0,546.0,342.0,167.0,772.0,631.0,331.0,468.0,628.0,299.0,255.0,160.0,5.0,5446.0,336.0,328.0,366.0,260.0,244.0,904.0,447.0,383.0,583.0,589.0,422.0,329.0,193.0,62.0,717.0,313.0,0.0,,,,,,,,,,,,,,,,,,,,,,,,,,,,,,,,,,,,,,,,,,,,,,,,,,,,,,,,,,,,,,,,,,,,,,,,,,,,,,,,,,,,,,,,,,,,,,,,,,,,,,,,,,,,,,,,,,,,,,,,,,,,,,,,,,,,,,,,,,,,,,,,,,,,,,,,
4,Calaveras,Sierras,009,40058.0,20110.0,778.0,1196.0,619.0,700.0,415.0,919.0,901.0,918.0,1962.0,2259.0,3677.0,3588.0,1642.0,536.0,19948.0,737.0,893.0,861.0,620.0,246.0,795.0,826.0,848.0,1767.0,2494.0,3865.0,3555.0,1814.0,627.0,450.0,260.0,0.0,0.0,0.0,20.0,0.0,7.0,7.0,6.0,17.0,71.0,2.0,25.0,6.0,99.0,190.0,0.0,0.0,0.0,0.0,13.0,0.0,3.0,0.0,0.0,0.0,152.0,22.0,0.0,0.0,518.0,239.0,32.0,15.0,8.0,0.0,2.0,0.0,37.0,0.0,12.0,78.0,13.0,42.0,0.0,0.0,279.0,0.0,0.0,12.0,0.0,37.0,0.0,0.0,18.0,0.0,61.0,87.0,64.0,0.0,0.0,864.0,345.0,0.0,0.0,15.0,11.0,0.0,0.0,95.0,0.0,5.0,74.0,45.0,4.0,96.0,0.0,519.0,30.0,0.0,67.0,27.0,0.0,0.0,55.0,35.0,94.0,32.0,34.0,96.0,39.0,10.0,18.0,18.0,0.0,,,,,,,,,,,,,,,,,,,,,,,,,,,,,,,,,,,,,,,,,,,,,,,,,,,,,,,,,,,,,,,,,,,,,,,,,,,,,,,,,,,,,,,,,,,,,,,,,,,,,,,,,,,,,,,,,,,,,,,,,,,,,,,,,,,,,,,,,,,,,,,,,,,,,,,,
5,Colusa,Far North,011,17012.0,8477.0,669.0,766.0,644.0,333.0,174.0,506.0,476.0,657.0,976.0,904.0,1093.0,805.0,365.0,109.0,8535.0,600.0,584.0,706.0,350.0,298.0,448.0,593.0,514.0,1016.0,952.0,1078.0,754.0,356.0,286.0,330.0,219.0,0.0,0.0,0.0,0.0,0.0,14.0,66.0,11.0,11.0,27.0,0.0,39.0,5.0,46.0,111.0,16.0,0.0,0.0,0.0,0.0,0.0,17.0,0.0,25.0,0.0,15.0,38.0,0.0,0.0,239.0,161.0,10.0,8.0,15.0,0.0,0.0,8.0,0.0,3.0,84.0,2.0,25.0,4.0,2.0,0.0,78.0,2.0,0.0,4.0,0.0,0.0,9.0,4.0,25.0,3.0,14.0,4.0,13.0,0.0,0.0,201.0,74.0,9.0,0.0,0.0,0.0,0.0,0.0,18.0,0.0,0.0,14.0,24.0,0.0,1.0,8.0,127.0,24.0,0.0,0.0,8.0,0.0,13.0,0.0,0.0,38.0,9.0,30.0,0.0,1.0,4.0,32.0,32.0,0.0,,,,,,,,,,,,,,,,,,,,,,,,,,,,,,,,,,,,,,,,,,,,,,,,,,,,,,,,,,,,,,,,,,,,,,,,,,,,,,,,,,,,,,,,,,,,,,,,,,,,,,,,,,,,,,,,,,,,,,,,,,,,,,,,,,,,,,,,,,,,,,,,,,,,,,,,
6,Contra Costa,Bay Area,013,608789.0,300282.0,14340.0,16058.0,17361.0,11227.0,6270.0,15223.0,17524.0,17959.0,38251.0,43641.0,46862.0,33335.0,15995.0,6236.0,308507.0,14167.0,15167.0,16406.0,10343.0,6135.0,14938.0,16399.0,18126.0,36327.0,44740.0,47463.0,37585.0,20036.0,10675.0,98569.0,46642.0,2419.0,2811.0,3464.0,2376.0,1438.0,3570.0,3940.0,2949.0,5872.0,6186.0,6263.0,3411.0,1549.0,394.0,51927.0,2243.0,2654.0,3248.0,1980.0,1220.0,3354.0,3509.0,3985.0,6687.0,7738.0,7191.0,4923.0,2467.0,728.0,5191.0,2726.0,136.0,100.0,221.0,82.0,78.0,206.0,140.0,302.0,377.0,453.0,345.0,205.0,47.0,34.0,2465.0,118.0,62.0,138.0,147.0,44.0,137.0,246.0,167.0,210.0,471.0,339.0,292.0,70.0,24.0,200159.0,95186.0,5373.0,5595.0,6622.0,3882.0,1927.0,5256.0,6406.0,6206.0,14875.0,14928.0,11265.0,7853.0,3706.0,1292.0,104973.0,4345.0,5058.0,6645.0,3587.0,1428.0,4854.0,6333.0,6912.0,17992.0,16762.0,13863.0,10334.0,4913.0,1947.0,5676.0,3016.0,214.0,,,,,,,,,,,,,,,,,,,,,,,,,,,,,,,,,,,,,,,,,,,,,,,,,,,,,,,,,,,,,,,,,,,,,,,,,,,,,,,,,,,,,,,,,,,,,,,,,,,,,,,,,,,,,,,,,,,,,,,,,,,,,,,,,,,,,,,,,,,,,,,,,,,,,,,,
7,Del Norte,Far North,015,20002.0,10844.0,484.0,588.0,398.0,337.0,121.0,527.0,1041.0,966.0,1683.0,1139.0,1524.0,1313.0,446.0,277.0,9158.0,470.0,489.0,452.0,256.0,142.0,341.0,534.0,486.0,1128.0,969.0,1709.0,1237.0,714.0,231.0,747.0,570.0,22.0,0.0,19.0,2.0,0.0,89.0,93.0,47.0,162.0,52.0,53.0,31.0,0.0,0.0,177.0,0.0,0.0,18.0,35.0,53.0,0.0,24.0,0.0,0.0,26.0,21.0,0.0,0.0,0.0,1943.0,900.0,102.0,66.0,162.0,21.0,26.0,28.0,60.0,19.0,82.0,89.0,164.0,44.0,37.0,0.0,1043.0,107.0,141.0,93.0,71.0,52.0,13.0,46.0,47.0,109.0,67.0,142.0,96.0,57.0,2.0,880.0,392.0,12.0,13.0,97.0,0.0,1.0,0.0,51.0,40.0,37.0,59.0,54.0,28.0,0.0,0.0,488.0,0.0,39.0,54.0,37.0,28.0,26.0,53.0,3.0,29.0,95.0,43.0,55.0,0.0,26.0,50.0,50.0,0.0,,,,,,,,,,,,,,,,,,,,,,,,,,,,,,,,,,,,,,,,,,,,,,,,,,,,,,,,,,,,,,,,,,,,,,,,,,,,,,,,,,,,,,,,,,,,,,,,,,,,,,,,,,,,,,,,,,,,,,,,,,,,,,,,,,,,,,,,,,,,,,,,,,,,,,,,
8,El Dorado,Sacramento Metro,017,164552.0,82376.0,3649.0,4197.0,5077.0,3067.0,1619.0,4022.0,4300.0,4273.0,9265.0,10861.0,14145.0,11247.0,4923.0,1731.0,82176.0,3383.0,4009.0,4640.0,2904.0,1493.0,3820.0,3780.0,3977.0,9073.0,11154.0,14701.0,11438.0,5170.0,2634.0,1586.0,957.0,5.0,23.0,50.0,59.0,43.0,102.0,45.0,99.0,150.0,92.0,149.0,88.0,48.0,4.0,629.0,0.0,11.0,18.0,54.0,7.0,110.0,35.0,37.0,130.0,89.0,74.0,25.0,5.0,34.0,1312.0,729.0,1.0,14.0,179.0,13.0,2.0,62.0,43.0,9.0,30.0,95.0,81.0,152.0,48.0,0.0,583.0,10.0,1.0,66.0,13.0,16.0,4.0,8.0,112.0,63.0,123.0,86.0,47.0,32.0,2.0,9111.0,4028.0,210.0,135.0,336.0,176.0,152.0,261.0,182.0,182.0,647.0,637.0,528.0,344.0,232.0,6.0,5083.0,170.0,191.0,256.0,209.0,54.0,364.0,275.0,306.0,770.0,887.0,779.0,545.0,157.0,120.0,479.0,147.0,0.0,,,,,,,,,,,,,,,,,,,,,,,,,,,,,,,,,,,,,,,,,,,,,,,,,,,,,,,,,,,,,,,,,,,,,,,,,,,,,,,,,,,,,,,,,,,,,,,,,,,,,,,,,,,,,,,,,,,,,,,,,,,,,,,,,,,,,,,,,,,,,,,,,,,,,,,,
9,Fresno,San Joaquin Valley,019,597574.0,295324.0,21719.0,22495.0,24702.0,13036.0,7646.0,20101.0,22622.0,20721.0,37404.0,33681.0,32472.0,23458.0,10463.0,4804.0,302250.0,20862.0,21883.0,23008.0,12188.0,7959.0,19578.0,22141.0,20394.0,36914.0,33568.0,35175.0,26400.0,14109.0,8071.0,46182.0,23229.0,1809.0,1867.0,1903.0,1090.0,675.0,1997.0,1917.0,1594.0,3053.0,2842.0,2389.0,1367.0,531.0,195.0,22953.0,1841.0,1856.0,1641.0,1020.0,544.0,1722.0,1853.0,1731.0,2776.0,2648.0,2677.0,1560.0,596.0,488.0,11604.0,5727.0,329.0,559.0,365.0,295.0,138.0,495.0,472.0,509.0,764.0,770.0,459.0,391.0,139.0,42.0,5877.0,487.0,481.0,403.0,307.0,135.0,525.0,441.0,286.0,818.0,754.0,626.0,441.0,106.0,67.0,105302.0,52426.0,4386.0,3655.0,4613.0,2559.0,1231.0,3967.0,5440.0,4917.0,6684.0,5360.0,4684.0,3033.0,1476.0,421.0,52876.0,3743.0,4234.0,3719.0,2081.0,1181.0,3710.0,5043.0,4956.0,6942.0,5738.0,5243.0,3558.0,1774.0,954.0,1518.0,770.0,60.0,,,,,,,,,,,,,,,,,,,,,,,,,,,,,,,,,,,,,,,,,,,,,,,,,,,,,,,,,,,,,,,,,,,,,,,,,,,,,,,,,,,,,,,,,,,,,,,,,,,,,,,,,,,,,,,,,,,,,,,,,,,,,,,,,,,,,,,,,,,,,,,,,,,,,,,,
10,Glenn,Far North,021,22478.0,11568.0,852.0,794.0,1059.0,476.0,345.0,768.0,783.0,717.0,1203.0,1305.0,1392.0,1110.0,541.0,223.0,10910.0,764.0,554.0,1020.0,465.0,171.0,628.0,741.0,537.0,1363.0,1182.0,1464.0,1098.0,605.0,318.0,218.0,158.0,0.0,0.0,0.0,2.0,4.0,0.0,27.0,0.0,74.0,13.0,38.0,0.0,0.0,0.0,60.0,0.0,0.0,0.0,0.0,0.0,0.0,0.0,0.0,0.0,25.0,5.0,30.0,0.0,0.0,631.0,287.0,16.0,26.0,39.0,1.0,8.0,8.0,37.0,2.0,15.0,22.0,19.0,66.0,28.0,0.0,344.0,3.0,41.0,54.0,11.0,2.0,7.0,11.0,13.0,56.0,69.0,4.0,73.0,0.0,0.0,877.0,491.0,86.0,60.0,12.0,60.0,0.0,0.0,0.0,34.0,10.0,112.0,10.0,1.0,106.0,0.0,386.0,0.0,0.0,11.0,46.0,0.0,23.0,54.0,4.0,98.0,54.0,5.0,0.0,59.0,32.0,12.0,12.0,0.0,,,,,,,,,,,,,,,,,,,,,,,,,,,,,,,,,,,,,,,,,,,,,,,,,,,,,,,,,,,,,,,,,,,,,,,,,,,,,,,,,,,,,,,,,,,,,,,,,,,,,,,,,,,,,,,,,,,,,,,,,,,,,,,,,,,,,,,,,,,,,,,,,,,,,,,,
11,Humboldt,Far North,023,107151.0,53156.0,2427.0,2463.0,2520.0,1559.0,1718.0,4226.0,3283.0,3370.0,7406.0,6320.0,7560.0,6787.0,2374.0,1143.0,53995.0,2299.0,2810.0,2037.0,1522.0,1654.0,4662.0,3320.0,3090.0,6758.0,5806.0,8117.0,7246.0,3174.0,1500.0,1558.0,871.0,0.0,0.0,1.0,37.0,70.0,80.0,91.0,175.0,135.0,127.0,144.0,0.0,11.0,0.0,687.0,0.0,8.0,37.0,21.0,82.0,109.0,69.0,73.0,63.0,125.0,64.0,36.0,0.0,0.0,6162.0,2713.0,160.0,238.0,270.0,44.0,110.0,300.0,249.0,141.0,441.0,295.0,169.0,188.0,88.0,20.0,3449.0,224.0,266.0,183.0,107.0,56.0,408.0,250.0,276.0,346.0,391.0,529.0,211.0,184.0,18.0,3948.0,1845.0,132.0,111.0,148.0,105.0,114.0,258.0,184.0,98.0,250.0,154.0,134.0,135.0,22.0,0.0,2103.0,90.0,114.0,142.0,129.0,26.0,316.0,235.0,183.0,265.0,157.0,221.0,146.0,59.0,20.0,508.0,237.0,0.0,,,,,,,,,,,,,,,,,,,,,,,,,,,,,,,,,,,,,,,,,,,,,,,,,,,,,,,,,,,,,,,,,,,,,,,,,,,,,,,,,,,,,,,,,,,,,,,,,,,,,,,,,,,,,,,,,,,,,,,,,,,,,,,,,,,,,,,,,,,,,,,,,,,,,,,,
12,Imperial,San Diego,025,102305.0,48985.0,4323.0,3917.0,4456.0,2328.0,1494.0,3193.0,3648.0,3248.0,5243.0,5297.0,5072.0,3958.0,2161.0,647.0,53320.0,4573.0,4113.0,4863.0,2505.0,1633.0,3017.0,3923.0,2873.0,6315.0,5664.0,5937.0,4110.0,2928.0,866.0,4716.0,3683.0,67.0,49.0,35.0,0.0,7.0,435.0,509.0,596.0,627.0,845.0,284.0,189.0,40.0,0.0,1033.0,13.0,135.0,143.0,42.0,43.0,113.0,59.0,71.0,74.0,40.0,78.0,115.0,107.0,0.0,2111.0,1092.0,29.0,96.0,127.0,110.0,2.0,66.0,103.0,100.0,159.0,67.0,110.0,119.0,4.0,0.0,1019.0,42.0,40.0,69.0,104.0,47.0,47.0,28.0,51.0,115.0,116.0,94.0,197.0,55.0,14.0,2599.0,1498.0,39.0,58.0,116.0,190.0,40.0,62.0,96.0,61.0,114.0,199.0,242.0,191.0,42.0,48.0,1101.0,7.0,53.0,47.0,27.0,10.0,39.0,82.0,98.0,91.0,231.0,176.0,87.0,78.0,75.0,241.0,153.0,0.0,,,,,,,,,,,,,,,,,,,,,,,,,,,,,,,,,,,,,,,,,,,,,,,,,,,,,,,,,,,,,,,,,,,,,,,,,,,,,,,,,,,,,,,,,,,,,,,,,,,,,,,,,,,,,,,,,,,,,,,,,,,,,,,,,,,,,,,,,,,,,,,,,,,,,,,,
13,Inyo,Sierras,027,13705.0,7179.0,264.0,568.0,362.0,316.0,199.0,225.0,269.0,362.0,765.0,835.0,1218.0,1054.0,565.0,177.0,6526.0,246.0,464.0,187.0,134.0,43.0,172.0,427.0,319.0,765.0,790.0,1154.0,932.0,638.0,255.0,96.0,55.0,0.0,0.0,0.0,0.0,0.0,10.0,0.0,11.0,13.0,5.0,11.0,0.0,5.0,0.0,41.0,0.0,0.0,0.0,0.0,0.0,2.0,4.0,0.0,35.0,0.0,0.0,0.0,0.0,0.0,1924.0,853.0,29.0,85.0,116.0,39.0,29.0,65.0,72.0,55.0,83.0,83.0,73.0,70.0,27.0,27.0,1071.0,68.0,61.0,53.0,31.0,30.0,102.0,79.0,76.0,128.0,132.0,135.0,93.0,48.0,35.0,279.0,171.0,22.0,0.0,0.0,0.0,0.0,3.0,1.0,23.0,2.0,65.0,33.0,6.0,9.0,7.0,108.0,0.0,0.0,0.0,0.0,2.0,7.0,7.0,4.0,0.0,11.0,29.0,27.0,8.0,13.0,37.0,15.0,0.0,,,,,,,,,,,,,,,,,,,,,,,,,,,,,,,,,,,,,,,,,,,,,,,,,,,,,,,,,,,,,,,,,,,,,,,,,,,,,,,,,,,,,,,,,,,,,,,,,,,,,,,,,,,,,,,,,,,,,,,,,,,,,,,,,,,,,,,,,,,,,,,,,,,,,,,,
14,Kern,San Joaquin Valley,029,603368.0,307554.0,23247.0,23156.0,26019.0,13372.0,8425.0,21917.0,24740.0,23225.0,40568.0,35257.0,33391.0,21214.0,9847.0,3176.0,295814.0,21897.0,22260.0,24812.0,13412.0,7499.0,19794.0,22134.0,20334.0,36101.0,33526.0,33683.0,23120.0,12004.0,5238.0,48530.0,26333.0,1897.0,2156.0,1845.0,1099.0,764.0,3056.0,2859.0,2291.0,3418.0,2786.0,2373.0,1245.0,399.0,145.0,22197.0,1802.0,1933.0,1636.0,1144.0,767.0,1861.0,1935.0,1536.0,2754.0,2264.0,2330.0,1305.0,716.0,214.0,8462.0,4293.0,345.0,359.0,310.0,220.0,149.0,246.0,325.0,481.0,505.0,314.0,590.0,366.0,53.0,30.0,4169.0,228.0,432.0,537.0,240.0,126.0,207.0,196.0,284.0,402.0,470.0,473.0,345.0,196.0,33.0,43381.0,21367.0,1403.0,1485.0,1880.0,942.0,505.0,1414.0,1593.0,1461.0,2728.0,2602.0,2596.0,1741.0,801.0,216.0,22014.0,1178.0,1289.0,1058.0,836.0,440.0,1069.0,1722.0,1552.0,3268.0,3269.0,2959.0,2177.0,816.0,381.0,1380.0,671.0,8.0,,,,,,,,,,,,,,,,,,,,,,,,,,,,,,,,,,,,,,,,,,,,,,,,,,,,,,,,,,,,,,,,,,,,,,,,,,,,,,,,,,,,,,,,,,,,,,,,,,,,,,,,,,,,,,,,,,,,,,,,,,,,,,,,,,,,,,,,,,,,,,,,,,,,,,,,
15,Kings,San Joaquin Valley,031,95764.0,50610.0,3826.0,3231.0,4046.0,1890.0,1032.0,4711.0,4376.0,4646.0,7087.0,5785.0,4686.0,3175.0,1698.0,421.0,45154.0,3600.0,3403.0,3719.0,1953.0,1186.0,3057.0,3558.0,3468.0,5562.0,4675.0,4604.0,3384.0,2159.0,826.0,9820.0,6921.0,230.0,353.0,204.0,203.0,146.0,660.0,780.0,709.0,1517.0,1244.0,561.0,243.0,21.0,50.0,2899.0,300.0,251.0,223.0,33.0,59.0,270.0,307.0,269.0,349.0,276.0,247.0,220.0,92.0,3.0,2232.0,1305.0,151.0,115.0,92.0,86.0,77.0,48.0,76.0,128.0,169.0,168.0,107.0,74.0,14.0,0.0,927.0,36.0,59.0,86.0,68.0,38.0,63.0,78.0,44.0,85.0,209.0,52.0,74.0,35.0,0.0,5626.0,2699.0,119.0,160.0,255.0,87.0,84.0,183.0,284.0,207.0,345.0,259.0,366.0,187.0,80.0,83.0,2927.0,144.0,81.0,162.0,160.0,103.0,145.0,207.0,257.0,361.0,376.0,462.0,240.0,103.0,126.0,190.0,139.0,0.0,,,,,,,,,,,,,,,,,,,,,,,,,,,,,,,,,,,,,,,,,,,,,,,,,,,,,,,,,,,,,,,,,,,,,,,,,,,,,,,,,,,,,,,,,,,,,,,,,,,,,,,,,,,,,,,,,,,,,,,,,,,,,,,,,,,,,,,,,,,,,,,,,,,,,,,,
16,Lake,Far North,033,48712.0,24249.0,1059.0,1262.0,1195.0,670.0,519.0,1091.0,1269.0,1332.0,2597.0,2911.0,4123.0,3864.0,1942.0,415.0,24463.0,1038.0,1205.0,1143.0,795.0,398.0,903.0,1213.0,1357.0,2372.0,3182.0,4376.0,3864.0,1921.0,696.0,1583.0,970.0,0.0,130.0,44.0,93.0,46.0,20.0,62.0,31.0,133.0,97.0,134.0,85.0,68.0,27.0,613.0,2.0,83.0,53.0,17.0,0.0,12.0,17.0,52.0,168.0,21.0,68.0,71.0,21.0,28.0,2540.0,1249.0,110.0,43.0,158.0,56.0,5.0,144.0,123.0,105.0,211.0,86.0,123.0,25.0,4.0,56.0,1291.0,169.0,120.0,49.0,59.0,44.0,112.0,57.0,36.0,170.0,159.0,210.0,78.0,2.0,26.0,940.0,354.0,31.0,0.0,26.0,0.0,0.0,0.0,37.0,65.0,23.0,27.0,38.0,69.0,17.0,21.0,586.0,31.0,45.0,38.0,2.0,0.0,25.0,7.0,0.0,104.0,90.0,83.0,109.0,31.0,21.0,15.0,8.0,0.0,,,,,,,,,,,,,,,,,,,,,,,,,,,,,,,,,,,,,,,,,,,,,,,,,,,,,,,,,,,,,,,,,,,,,,,,,,,,,,,,,,,,,,,,,,,,,,,,,,,,,,,,,,,,,,,,,,,,,,,,,,,,,,,,,,,,,,,,,,,,,,,,,,,,,,,,
17,Lassen,Far North,035,24181.0,15208.0,535.0,522.0,637.0,351.0,288.0,1524.0,1940.0,1424.0,2391.0,1910.0,1676.0,1306.0,532.0,172.0,8973.0,520.0,642.0,464.0,298.0,163.0,423.0,494.0,504.0,956.0,1111.0,1451.0,1171.0,609.0,167.0,2713.0,2476.0,2.0,20.0,17.0,16.0,50.0,512.0,613.0,359.0,526.0,215.0,73.0,52.0,11.0,10.0,237.0,3.0,30.0,32.0,0.0,26.0,28.0,6.0,20.0,40.0,0.0,11.0,28.0,5.0,8.0,794.0,493.0,20.0,19.0,55.0,7.0,14.0,47.0,77.0,55.0,83.0,24.0,28.0,32.0,32.0,0.0,301.0,6.0,4.0,4.0,2.0,2.0,3.0,73.0,11.0,16.0,80.0,69.0,13.0,1.0,17.0,471.0,348.0,12.0,1.0,12.0,3.0,12.0,66.0,61.0,25.0,81.0,24.0,45.0,5.0,0.0,1.0,123.0,0.0,10.0,5.0,3.0,0.0,0.0,0.0,22.0,20.0,21.0,16.0,4.0,0.0,22.0,256.0,109.0,10.0,,,,,,,,,,,,,,,,,,,,,,,,,,,,,,,,,,,,,,,,,,,,,,,,,,,,,,,,,,,,,,,,,,,,,,,,,,,,,,,,,,,,,,,,,,,,,,,,,,,,,,,,,,,,,,,,,,,,,,,,,,,,,,,,,,,,,,,,,,,,,,,,,,,,,,,,
18,Los Angeles,South Coast,037,4795186.0,2396768.0,129236.0,131509.0,144044.0,85620.0,58270.0,154619.0,198117.0,193648.0,333436.0,331708.0,304344.0,195767.0,93017.0,43433.0,2398418.0,121696.0,125807.0,136764.0,80257.0,57229.0,152879.0,191819.0,178753.0,315838.0,315566.0,304828.0,220412.0,124177.0,72393.0,810286.0,383240.0,21412.0,22199.0,22089.0,15008.0,9599.0,28395.0,35984.0,30199.0,47699.0,51518.0,51034.0,29038.0,14559.0,4507.0,427046.0,20588.0,21788.0,21699.0,14282.0,9850.0,27426.0,35903.0,31539.0,53011.0,59123.0,60183.0,39204.0,22332.0,10118.0,78132.0,39452.0,1894.0,2235.0,2519.0,1658.0,1161.0,3420.0,3642.0,2917.0,6195.0,5041.0,4630.0,2413.0,1375.0,352.0,38680.0,2088.0,2356.0,2638.0,1452.0,1090.0,2756.0,3103.0,2915.0,5741.0,5023.0,4409.0,2942.0,1576.0,591.0,1488626.0,694508.0,40375.0,31909.0,34179.0,20380.0,14886.0,43056.0,57119.0,55196.0,97114.0,94276.0,92167.0,66534.0,32854.0,14463.0,794118.0,37938.0,29488.0,31444.0,19573.0,14559.0,41790.0,58596.0,60008.0,115063.0,115282.0,116292.0,84812.0,44410.0,24863.0,25068.0,12091.0,788.0,,,,,,,,,,,,,,,,,,,,,,,,,,,,,,,,,,,,,,,,,,,,,,,,,,,,,,,,,,,,,,,,,,,,,,,,,,,,,,,,,,,,,,,,,,,,,,,,,,,,,,,,,,,,,,,,,,,,,,,,,,,,,,,,,,,,,,,,,,,,,,,,,,,,,,,,
19,Madera,San Joaquin Valley,039,94643.0,45761.0,3111.0,3304.0,3497.0,2107.0,1203.0,2919.0,2605.0,2483.0,5337.0,5444.0,5925.0,4675.0,2255.0,896.0,48882.0,2609.0,3376.0,3546.0,1935.0,1153.0,3135.0,3022.0,2911.0,6136.0,5974.0,6285.0,5079.0,2368.0,1353.0,4919.0,1463.0,0.0,279.0,39.0,43.0,32.0,121.0,111.0,78.0,104.0,163.0,347.0,117.0,29.0,0.0,3456.0,115.0,82.0,278.0,19.0,15.0,405.0,429.0,483.0,524.0,428.0,346.0,280.0,52.0,0.0,2503.0,1194.0,86.0,51.0,108.0,53.0,115.0,38.0,4.0,200.0,170.0,106.0,84.0,67.0,76.0,36.0,1309.0,30.0,161.0,105.0,38.0,18.0,140.0,43.0,115.0,120.0,176.0,115.0,180.0,65.0,3.0,3362.0,1755.0,151.0,112.0,100.0,66.0,113.0,149.0,64.0,138.0,208.0,176.0,221.0,150.0,104.0,3.0,1607.0,74.0,37.0,87.0,100.0,5.0,73.0,145.0,64.0,241.0,269.0,220.0,96.0,177.0,19.0,159.0,110.0,12.0,,,,,,,,,,,,,,,,,,,,,,,,,,,,,,,,,,,,,,,,,,,,,,,,,,,,,,,,,,,,,,,,,,,,,,,,,,,,,,,,,,,,,,,,,,,,,,,,,,,,,,,,,,,,,,,,,,,,,,,,,,,,,,,,,,,,,,,,,,,,,,,,,,,,,,,,
20,Marin,Bay Area,041,199068.0,96503.0,3905.0,4496.0,5864.0,3519.0,1666.0,4074.0,3408.0,3979.0,10466.0,15747.0,16096.0,13798.0,7410.0,2075.0,102565.0,3757.0,4392.0,5561.0,3488.0,1742.0,3896.0,3042.0,3761.0,10819.0,16155.0,17331.0,15910.0,8403.0,4308.0,6001.0,3494.0,116.0,5.0,224.0,105.0,75.0,297.0,311.0,387.0,607.0,644.0,401.0,248.0,64.0,10.0,2507.0,304.0,169.0,172.0,40.0,83.0,118.0,131.0,228.0,141.0,394.0,319.0,270.0,81.0,57.0,673.0,413.0,27.0,59.0,9.0,61.0,0.0,30.0,43.0,12.0,59.0,61.0,19.0,33.0,0.0,0.0,260.0,0.0,27.0,0.0,0.0,0.0,32.0,28.0,0.0,13.0,93.0,67.0,0.0,0.0,0.0,15060.0,6245.0,130.0,272.0,319.0,170.0,144.0,393.0,402.0,513.0,996.0,1040.0,729.0,655.0,229.0,253.0,8815.0,131.0,208.0,277.0,200.0,213.0,400.0,408.0,585.0,1286.0,1692.0,1526.0,1138.0,534.0,217.0,361.0,171.0,23.0,,,,,,,,,,,,,,,,,,,,,,,,,,,,,,,,,,,,,,,,,,,,,,,,,,,,,,,,,,,,,,,,,,,,,,,,,,,,,,,,,,,,,,,,,,,,,,,,,,,,,,,,,,,,,,,,,,,,,,,,,,,,,,,,,,,,,,,,,,,,,,,,,,,,,,,,
21,Mariposa,Sierras,043,15134.0,7691.0,333.0,413.0,313.0,241.0,108.0,295.0,375.0,429.0,752.0,934.0,1351.0,1249.0,628.0,270.0,7443.0,323.0,315.0,312.0,236.0,44.0,326.0,361.0,418.0,664.0,849.0,1397.0,1187.0,810.0,201.0,266.0,158.0,0.0,0.0,0.0,0.0,0.0,10.0,0.0,15.0,12.0,97.0,9.0,5.0,10.0,0.0,108.0,0.0,0.0,30.0,1.0,0.0,0.0,0.0,0.0,0.0,67.0,0.0,10.0,0.0,0.0,392.0,148.0,15.0,0.0,31.0,0.0,0.0,0.0,0.0,0.0,23.0,23.0,24.0,16.0,6.0,10.0,244.0,0.0,19.0,20.0,0.0,0.0,0.0,45.0,15.0,35.0,23.0,51.0,14.0,22.0,0.0,186.0,150.0,22.0,0.0,0.0,0.0,0.0,0.0,9.0,13.0,12.0,23.0,10.0,33.0,17.0,11.0,36.0,0.0,0.0,0.0,0.0,2.0,2.0,0.0,0.0,0.0,4.0,18.0,5.0,5.0,0.0,62.0,21.0,0.0,,,,,,,,,,,,,,,,,,,,,,,,,,,,,,,,,,,,,,,,,,,,,,,,,,,,,,,,,,,,,,,,,,,,,,,,,,,,,,,,,,,,,,,,,,,,,,,,,,,,,,,,,,,,,,,,,,,,,,,,,,,,,,,,,,,,,,,,,,,,,,,,,,,,,,,,
22,Mendocino,Far North,045,69709.0,34399.0,1897.0,1821.0,2016.0,1063.0,644.0,1798.0,1862.0,1863.0,4131.0,4074.0,5132.0,5402.0,1936.0,760.0,35310.0,1690.0,2025.0,1547.0,1058.0,608.0,1316.0,1918.0,1941.0,4055.0,4049.0,5731.0,5850.0,2508.0,1014.0,424.0,299.0,13.0,0.0,4.0,3.0,35.0,15.0,52.0,7.0,61.0,36.0,70.0,3.0,0.0,0.0,125.0,0.0,0.0,14.0,7.0,43.0,32.0,0.0,6.0,6.0,7.0,3.0,3.0,0.0,4.0,3789.0,1753.0,64.0,154.0,80.0,143.0,56.0,140.0,117.0,145.0,196.0,226.0,240.0,140.0,45.0,7.0,2036.0,130.0,148.0,132.0,126.0,146.0,111.0,124.0,94.0,302.0,303.0,183.0,165.0,68.0,4.0,1740.0,710.0,0.0,20.0,60.0,21.0,34.0,104.0,18.0,67.0,65.0,125.0,54.0,139.0,3.0,0.0,1030.0,0.0,13.0,30.0,44.0,70.0,35.0,51.0,116.0,80.0,241.0,142.0,138.0,59.0,11.0,137.0,68.0,0.0,,,,,,,,,,,,,,,,,,,,,,,,,,,,,,,,,,,,,,,,,,,,,,,,,,,,,,,,,,,,,,,,,,,,,,,,,,,,,,,,,,,,,,,,,,,,,,,,,,,,,,,,,,,,,,,,,,,,,,,,,,,,,,,,,,,,,,,,,,,,,,,,,,,,,,,,
23,Merced,San Joaquin Valley,047,139469.0,68855.0,4930.0,5000.0,5692.0,3455.0,2141.0,4599.0,4918.0,4623.0,8200.0,8122.0,8126.0,5597.0,2683.0,769.0,70614.0,4895.0,4662.0,5758.0,2993.0,1775.0,4736.0,4811.0,4512.0,8736.0,8287.0,8425.0,6050.0,3201.0,1773.0,8190.0,4414.0,276.0,131.0,377.0,172.0,186.0,367.0,323.0,379.0,567.0,546.0,557.0,336.0,158.0,39.0,3776.0,143.0,188.0,291.0,81.0,170.0,372.0,256.0,266.0,404.0,429.0,537.0,357.0,216.0,66.0,2885.0,1388.0,125.0,52.0,146.0,87.0,40.0,67.0,123.0,172.0,206.0,114.0,166.0,23.0,67.0,0.0,1497.0,20.0,166.0,197.0,11.0,76.0,77.0,97.0,149.0,114.0,219.0,169.0,148.0,48.0,6.0,20881.0,10336.0,805.0,967.0,598.0,475.0,646.0,920.0,1119.0,895.0,1150.0,912.0,843.0,636.0,209.0,161.0,10545.0,769.0,569.0,932.0,450.0,356.0,1076.0,995.0,807.0,1202.0,1116.0,958.0,750.0,374.0,191.0,744.0,315.0,0.0,,,,,,,,,,,,,,,,,,,,,,,,,,,,,,,,,,,,,,,,,,,,,,,,,,,,,,,,,,,,,,,,,,,,,,,,,,,,,,,,,,,,,,,,,,,,,,,,,,,,,,,,,,,,,,,,,,,,,,,,,,,,,,,,,,,,,,,,,,,,,,,,,,,,,,,,
24,Modoc,Far North,049,7801.0,3971.0,186.0,257.0,203.0,98.0,56.0,99.0,268.0,161.0,411.0,444.0,702.0,638.0,389.0,59.0,3830.0,183.0,265.0,176.0,158.0,9.0,146.0,166.0,200.0,403.0,390.0,664.0,619.0,320.0,131.0,123.0,78.0,19.0,0.0,0.0,0.0,0.0,0.0,20.0,14.0,19.0,0.0,0.0,0.0,6.0,0.0,45.0,0.0,0.0,0.0,0.0,7.0,0.0,0.0,19.0,0.0,0.0,9.0,10.0,0.0,0.0,313.0,126.0,46.0,6.0,3.0,5.0,1.0,8.0,22.0,7.0,6.0,17.0,3.0,1.0,1.0,0.0,187.0,35.0,26.0,5.0,5.0,18.0,12.0,45.0,10.0,12.0,6.0,8.0,3.0,1.0,1.0,169.0,121.0,0.0,0.0,0.0,0.0,0.0,1.0,0.0,0.0,0.0,0.0,0.0,120.0,0.0,0.0,48.0,0.0,0.0,0.0,0.0,0.0,0.0,0.0,0.0,10.0,3.0,0.0,0.0,28.0,7.0,7.0,7.0,0.0,,,,,,,,,,,,,,,,,,,,,,,,,,,,,,,,,,,,,,,,,,,,,,,,,,,,,,,,,,,,,,,,,,,,,,,,,,,,,,,,,,,,,,,,,,,,,,,,,,,,,,,,,,,,,,,,,,,,,,,,,,,,,,,,,,,,,,,,,,,,,,,,,,,,,,,,
25,Mono,Sierras,051,11966.0,6295.0,218.0,205.0,324.0,239.0,12.0,712.0,286.0,491.0,927.0,713.0,1135.0,664.0,330.0,39.0,5671.0,184.0,187.0,319.0,273.0,221.0,162.0,408.0,415.0,694.0,801.0,1002.0,679.0,315.0,11.0,81.0,59.0,0.0,0.0,0.0,0.0,0.0,11.0,33.0,0.0,2.0,0.0,13.0,0.0,0.0,0.0,22.0,0.0,0.0,0.0,0.0,0.0,0.0,0.0,0.0,0.0,22.0,0.0,0.0,0.0,0.0,407.0,180.0,0.0,66.0,7.0,27.0,3.0,16.0,8.0,3.0,10.0,21.0,4.0,7.0,8.0,0.0,227.0,3.0,5.0,2.0,28.0,0.0,8.0,4.0,59.0,66.0,23.0,15.0,12.0,2.0,0.0,633.0,305.0,17.0,0.0,218.0,0.0,2.0,5.0,13.0,4.0,19.0,15.0,12.0,0.0,0.0,0.0,328.0,0.0,238.0,0.0,0.0,5.0,2.0,1.0,4.0,18.0,4.0,15.0,41.0,0.0,0.0,0.0,0.0,0.0,,,,,,,,,,,,,,,,,,,,,,,,,,,,,,,,,,,,,,,,,,,,,,,,,,,,,,,,,,,,,,,,,,,,,,,,,,,,,,,,,,,,,,,,,,,,,,,,,,,,,,,,,,,,,,,,,,,,,,,,,,,,,,,,,,,,,,,,,,,,,,,,,,,,,,,,
26,Monterey,Central Coast,053,209849.0,105724.0,6345.0,6013.0,6038.0,3785.0,2792.0,7283.0,7774.0,7175.0,12824.0,13228.0,13849.0,11241.0,5321.0,2056.0,104125.0,6206.0,5369.0,6183.0,3557.0,2976.0,6200.0,6480.0,6246.0,11392.0,12063.0,15126.0,12207.0,6265.0,3855.0,11162.0,7183.0,228.0,263.0,326.0,102.0,153.0,457.0,563.0,705.0,1116.0,1409.0,1101.0,456.0,203.0,101.0,3979.0,228.0,138.0,282.0,130.0,199.0,318.0,223.0,207.0,481.0,501.0,621.0,321.0,173.0,157.0,3072.0,1593.0,81.0,151.0,122.0,62.0,27.0,182.0,56.0,76.0,256.0,252.0,233.0,33.0,41.0,21.0,1479.0,91.0,71.0,170.0,62.0,93.0,110.0,109.0,103.0,79.0,174.0,127.0,189.0,48.0,53.0,25186.0,11679.0,491.0,535.0,638.0,384.0,350.0,783.0,819.0,809.0,1537.0,1752.0,1614.0,1115.0,473.0,379.0,13507.0,519.0,596.0,446.0,362.0,364.0,761.0,802.0,716.0,1815.0,1903.0,2157.0,1544.0,877.0,645.0,2104.0,1012.0,0.0,,,,,,,,,,,,,,,,,,,,,,,,,,,,,,,,,,,,,,,,,,,,,,,,,,,,,,,,,,,,,,,,,,,,,,,,,,,,,,,,,,,,,,,,,,,,,,,,,,,,,,,,,,,,,,,,,,,,,,,,,,,,,,,,,,,,,,,,,,,,,,,,,,,,,,,,
27,Napa,Bay Area,055,98614.0,48914.0,2314.0,2407.0,3055.0,1831.0,1046.0,2502.0,2705.0,3053.0,5804.0,6649.0,7058.0,5956.0,3584.0,950.0,49700.0,2015.0,2114.0,2756.0,1667.0,989.0,2714.0,2835.0,2819.0,5783.0,6496.0,7500.0,6576.0,3499.0,1937.0,2862.0,1558.0,102.0,15.0,64.0,23.0,43.0,125.0,99.0,74.0,294.0,239.0,184.0,193.0,57.0,46.0,1304.0,41.0,75.0,96.0,91.0,93.0,76.0,25.0,103.0,226.0,170.0,156.0,123.0,10.0,19.0,961.0,524.0,15.0,69.0,16.0,12.0,0.0,56.0,85.0,75.0,19.0,48.0,46.0,83.0,0.0,0.0,437.0,31.0,21.0,12.0,20.0,25.0,32.0,83.0,0.0,0.0,80.0,68.0,58.0,7.0,0.0,10485.0,4909.0,220.0,256.0,321.0,161.0,171.0,346.0,400.0,188.0,732.0,726.0,667.0,457.0,225.0,39.0,5576.0,149.0,260.0,280.0,265.0,173.0,355.0,359.0,339.0,831.0,824.0,721.0,583.0,368.0,69.0,261.0,135.0,0.0,,,,,,,,,,,,,,,,,,,,,,,,,,,,,,,,,,,,,,,,,,,,,,,,,,,,,,,,,,,,,,,,,,,,,,,,,,,,,,,,,,,,,,,,,,,,,,,,,,,,,,,,,,,,,,,,,,,,,,,,,,,,,,,,,,,,,,,,,,,,,,,,,,,,,,,,
28,Nevada,Far North,057,91597.0,45101.0,1902.0,2008.0,2432.0,1429.0,787.0,2061.0,2061.0,2331.0,5107.0,5285.0,7498.0,7641.0,3469.0,1090.0,46496.0,1847.0,1658.0,2282.0,1402.0,754.0,1785.0,1994.0,2269.0,4958.0,5177.0,8633.0,8277.0,3425.0,2035.0,410.0,250.0,0.0,0.0,0.0,1.0,0.0,22.0,25.0,41.0,63.0,31.0,27.0,25.0,15.0,0.0,160.0,0.0,92.0,0.0,1.0,0.0,0.0,0.0,0.0,10.0,12.0,1.0,15.0,29.0,0.0,496.0,239.0,7.0,10.0,6.0,3.0,40.0,0.0,0.0,9.0,101.0,20.0,9.0,19.0,15.0,0.0,257.0,7.0,22.0,0.0,37.0,8.0,17.0,0.0,5.0,1.0,16.0,75.0,69.0,0.0,0.0,1108.0,411.0,12.0,8.0,18.0,14.0,25.0,0.0,9.0,54.0,48.0,59.0,99.0,31.0,2.0,32.0,697.0,0.0,13.0,14.0,2.0,40.0,0.0,14.0,78.0,91.0,120.0,71.0,93.0,39.0,122.0,150.0,96.0,0.0,,,,,,,,,,,,,,,,,,,,,,,,,,,,,,,,,,,,,,,,,,,,,,,,,,,,,,,,,,,,,,,,,,,,,,,,,,,,,,,,,,,,,,,,,,,,,,,,,,,,,,,,,,,,,,,,,,,,,,,,,,,,,,,,,,,,,,,,,,,,,,,,,,,,,,,,
29,Orange,South Coast,059,1826960.0,906624.0,46483.0,47073.0,57338.0,34422.0,22137.0,60090.0,68251.0,62406.0,111178.0,127466.0,127553.0,82886.0,41010.0,18331.0,920336.0,44050.0,48481.0,52390.0,33029.0,21416.0,57054.0,63460.0,57312.0,106762.0,128350.0,129697.0,93881.0,52949.0,31505.0,54061.0,27779.0,1455.0,1290.0,1606.0,1009.0,634.0,2094.0,2554.0,2437.0,4172.0,4116.0,3931.0,1658.0,601.0,222.0,26282.0,1116.0,1138.0,1672.0,944.0,803.0,1861.0,2187.0,1756.0,3809.0,3930.0,3808.0,2088.0,950.0,220.0,15552.0,8057.0,252.0,535.0,449.0,430.0,181.0,623.0,680.0,509.0,1266.0,1111.0,1169.0,441.0,245.0,166.0,7495.0,472.0,402.0,561.0,375.0,302.0,409.0,465.0,493.0,1138.0,1039.0,830.0,608.0,301.0,100.0,667534.0,316053.0,19293.0,17418.0,18704.0,11685.0,7799.0,18770.0,23751.0,22424.0,44478.0,48320.0,37951.0,26030.0,14119.0,5311.0,351481.0,18061.0,16447.0,18825.0,10830.0,7483.0,18862.0,24001.0,24875.0,54392.0,55432.0,45776.0,32543.0,17134.0,6820.0,9497.0,4683.0,298.0,,,,,,,,,,,,,,,,,,,,,,,,,,,,,,,,,,,,,,,,,,,,,,,,,,,,,,,,,,,,,,,,,,,,,,,,,,,,,,,,,,,,,,,,,,,,,,,,,,,,,,,,,,,,,,,,,,,,,,,,,,,,,,,,,,,,,,,,,,,,,,,,,,,,,,,,
30,Placer,Sacramento Metro,061,314938.0,153578.0,7856.0,9105.0,9582.0,6095.0,3263.0,7918.0,8197.0,8805.0,19380.0,21062.0,21793.0,17742.0,9045.0,3735.0,161360.0,7642.0,8825.0,9407.0,5986.0,2896.0,7647.0,7867.0,8846.0,19539.0,21802.0,23378.0,20556.0,11452.0,5517.0,6310.0,3497.0,136.0,195.0,220.0,135.0,150.0,189.0,307.0,250.0,560.0,386.0,498.0,320.0,149.0,2.0,2813.0,115.0,22.0,299.0,112.0,143.0,104.0,338.0,114.0,422.0,296.0,442.0,243.0,66.0,97.0,2204.0,892.0,23.0,29.0,95.0,76.0,0.0,22.0,7.0,21.0,195.0,74.0,156.0,97.0,97.0,0.0,1312.0,86.0,113.0,51.0,102.0,8.0,24.0,69.0,79.0,134.0,263.0,226.0,52.0,89.0,16.0,31938.0,14706.0,720.0,1070.0,1339.0,673.0,412.0,826.0,761.0,898.0,2451.0,2261.0,1514.0,1055.0,624.0,102.0,17232.0,739.0,938.0,1306.0,604.0,292.0,686.0,867.0,1104.0,3151.0,2861.0,1901.0,1575.0,917.0,291.0,910.0,386.0,0.0,,,,,,,,,,,,,,,,,,,,,,,,,,,,,,,,,,,,,,,,,,,,,,,,,,,,,,,,,,,,,,,,,,,,,,,,,,,,,,,,,,,,,,,,,,,,,,,,,,,,,,,,,,,,,,,,,,,,,,,,,,,,,,,,,,,,,,,,,,,,,,,,,,,,,,,,
31,Plumas,Far North,063,16679.0,8273.0,397.0,418.0,344.0,210.0,242.0,205.0,357.0,386.0,790.0,887.0,1457.0,1672.0,769.0,139.0,8406.0,357.0,407.0,309.0,241.0,159.0,244.0,375.0,373.0,832.0,934.0,1692.0,1527.0,720.0,236.0,279.0,133.0,0.0,0.0,0.0,0.0,18.0,0.0,97.0,0.0,0.0,0.0,18.0,0.0,0.0,0.0,146.0,0.0,14.0,48.0,0.0,0.0,42.0,0.0,5.0,37.0,0.0,0.0,0.0,0.0,0.0,350.0,265.0,0.0,36.0,40.0,0.0,28.0,5.0,0.0,2.0,9.0,73.0,60.0,0.0,12.0,0.0,85.0,9.0,0.0,0.0,0.0,0.0,0.0,0.0,31.0,7.0,7.0,29.0,0.0,2.0,0.0,232.0,125.0,0.0,0.0,0.0,0.0,20.0,10.0,80.0,0.0,0.0,0.0,15.0,0.0,0.0,0.0,107.0,0.0,0.0,25.0,0.0,16.0,0.0,0.0,0.0,0.0,56.0,0.0,10.0,0.0,0.0,29.0,0.0,0.0,,,,,,,,,,,,,,,,,,,,,,,,,,,,,,,,,,,,,,,,,,,,,,,,,,,,,,,,,,,,,,,,,,,,,,,,,,,,,,,,,,,,,,,,,,,,,,,,,,,,,,,,,,,,,,,,,,,,,,,,,,,,,,,,,,,,,,,,,,,,,,,,,,,,,,,,
32,Riverside,Inland Empire,065,1358654.0,678951.0,39466.0,42325.0,46688.0,28133.0,17082.0,40332.0,45862.0,43248.0,84026.0,84026.0,87859.0,67200.0,39032.0,13672.0,679703.0,37581.0,40585.0,44730.0,26739.0,16312.0,38189.0,43269.0,41547.0,82003.0,81468.0,88914.0,73611.0,45135.0,19620.0,157908.0,78961.0,4914.0,4909.0,6184.0,3331.0,2160.0,6102.0,6855.0,5712.0,9632.0,10643.0,9915.0,5594.0,2677.0,333.0,78947.0,4635.0,4375.0,5710.0,3339.0,2455.0,5699.0,6136.0,5032.0,10154.0,10529.0,10015.0,6543.0,3257.0,1068.0,18852.0,9601.0,651.0,724.0,706.0,447.0,251.0,696.0,839.0,754.0,1221.0,1253.0,1017.0,742.0,204.0,96.0,9251.0,922.0,482.0,560.0,390.0,278.0,704.0,620.0,760.0,1217.0,1034.0,1212.0,683.0,306.0,83.0,164464.0,76566.0,4287.0,4013.0,5349.0,3247.0,2763.0,5413.0,5921.0,4925.0,9991.0,10708.0,9272.0,6807.0,3120.0,750.0,87898.0,4485.0,4156.0,5112.0,2811.0,2511.0,5204.0,5458.0,5564.0,13534.0,13219.0,11812.0,8412.0,3479.0,2141.0,7915.0,4158.0,289.0,,,,,,,,,,,,,,,,,,,,,,,,,,,,,,,,,,,,,,,,,,,,,,,,,,,,,,,,,,,,,,,,,,,,,,,,,,,,,,,,,,,,,,,,,,,,,,,,,,,,,,,,,,,,,,,,,,,,,,,,,,,,,,,,,,,,,,,,,,,,,,,,,,,,,,,,
33,Sacramento,Sacramento Metro,067,839349.0,410038.0,22813.0,23840.0,25263.0,13925.0,8281.0,23631.0,30313.0,31545.0,55003.0,54352.0,56356.0,39213.0,17875.0,7628.0,429311.0,22001.0,23060.0,23727.0,13570.0,7714.0,22230.0,31086.0,31208.0,54354.0,55221.0,61873.0,46851.0,23322.0,13094.0,148884.0,73995.0,5220.0,5135.0,5421.0,3102.0,2210.0,5873.0,7032.0,5753.0,9190.0,9287.0,8482.0,4583.0,1876.0,831.0,74889.0,4498.0,4617.0,4748.0,3057.0,1890.0,5429.0,6861.0,5675.0,9359.0,9462.0,9671.0,5566.0,3099.0,957.0,9505.0,4445.0,116.0,313.0,169.0,207.0,57.0,309.0,457.0,403.0,653.0,514.0,785.0,319.0,126.0,17.0,5060.0,259.0,194.0,251.0,145.0,107.0,317.0,415.0,271.0,700.0,526.0,864.0,573.0,308.0,130.0,256464.0,122626.0,8399.0,8876.0,8409.0,5223.0,2850.0,7684.0,10656.0,10357.0,17130.0,15248.0,13102.0,8920.0,3753.0,2019.0,133838.0,8013.0,8599.0,7721.0,5045.0,2248.0,7670.0,11293.0,11680.0,19577.0,17383.0,15120.0,10848.0,5441.0,3200.0,17028.0,7920.0,367.0,,,,,,,,,,,,,,,,,,,,,,,,,,,,,,,,,,,,,,,,,,,,,,,,,,,,,,,,,,,,,,,,,,,,,,,,,,,,,,,,,,,,,,,,,,,,,,,,,,,,,,,,,,,,,,,,,,,,,,,,,,,,,,,,,,,,,,,,,,,,,,,,,,,,,,,,
34,San Benito,Central Coast,069,45157.0,22507.0,1412.0,1472.0,1744.0,925.0,648.0,1389.0,1619.0,1593.0,2937.0,3050.0,2790.0,1894.0,780.0,254.0,22650.0,1413.0,1681.0,1406.0,921.0,580.0,1344.0,1631.0,1534.0,2913.0,2882.0,2921.0,1999.0,893.0,532.0,523.0,225.0,0.0,0.0,0.0,2.0,0.0,13.0,0.0,22.0,47.0,84.0,48.0,9.0,0.0,0.0,298.0,0.0,0.0,0.0,51.0,25.0,2.0,28.0,4.0,15.0,64.0,98.0,10.0,0.0,1.0,527.0,226.0,0.0,3.0,2.0,25.0,0.0,4.0,0.0,95.0,21.0,1.0,57.0,15.0,3.0,0.0,301.0,5.0,4.0,27.0,35.0,0.0,31.0,0.0,34.0,46.0,52.0,42.0,18.0,7.0,0.0,1745.0,914.0,42.0,84.0,133.0,15.0,27.0,67.0,49.0,23.0,128.0,130.0,99.0,50.0,53.0,14.0,831.0,42.0,0.0,4.0,47.0,6.0,28.0,28.0,73.0,123.0,158.0,172.0,50.0,88.0,12.0,63.0,45.0,0.0,,,,,,,,,,,,,,,,,,,,,,,,,,,,,,,,,,,,,,,,,,,,,,,,,,,,,,,,,,,,,,,,,,,,,,,,,,,,,,,,,,,,,,,,,,,,,,,,,,,,,,,,,,,,,,,,,,,,,,,,,,,,,,,,,,,,,,,,,,,,,,,,,,,,,,,,
35,San Bernardino,Inland Empire,071,1212480.0,605522.0,40179.0,40291.0,45197.0,26908.0,16313.0,44131.0,47235.0,42949.0,78958.0,74081.0,73712.0,47723.0,21006.0,6839.0,606958.0,37546.0,41687.0,42182.0,24942.0,14762.0,41036.0,45410.0,42000.0,75135.0,74357.0,77167.0,52332.0,25383.0,13019.0,176523.0,85699.0,6438.0,5978.0,6386.0,3669.0,2449.0,7353.0,7629.0,6861.0,10526.0,9997.0,9786.0,5623.0,2504.0,500.0,90824.0,6040.0,5994.0,6163.0,3671.0,2449.0,6590.0,7786.0,6584.0,10997.0,11460.0,11869.0,6820.0,3062.0,1339.0,18369.0,8933.0,487.0,475.0,454.0,586.0,173.0,751.0,822.0,626.0,1164.0,1215.0,1314.0,404.0,378.0,84.0,9436.0,698.0,443.0,738.0,459.0,337.0,932.0,601.0,921.0,1092.0,1024.0,1103.0,754.0,236.0,98.0,159917.0,75656.0,5671.0,4335.0,4681.0,2918.0,1575.0,4613.0,5798.0,5643.0,10684.0,10298.0,9410.0,6448.0,2808.0,774.0,84261.0,5161.0,4499.0,4480.0,2524.0,1392.0,4139.0,5957.0,6011.0,12841.0,12205.0,11795.0,8399.0,3339.0,1519.0,6788.0,3376.0,253.0,,,,,,,,,,,,,,,,,,,,,,,,,,,,,,,,,,,,,,,,,,,,,,,,,,,,,,,,,,,,,,,,,,,,,,,,,,,,,,,,,,,,,,,,,,,,,,,,,,,,,,,,,,,,,,,,,,,,,,,,,,,,,,,,,,,,,,,,,,,,,,,,,,,,,,,,
36,San Diego,San Diego,073,2213608.0,1122866.0,64394.0,60666.0,64397.0,37495.0,30246.0,90098.0,95383.0,89033.0,149472.0,140354.0,139795.0,96883.0,44951.0,19699.0,1090742.0,60578.0,57432.0,61617.0,35423.0,25829.0,70062.0,85246.0,81437.0,140486.0,135018.0,143630.0,106883.0,55431.0,31670.0,164042.0,88835.0,4796.0,5005.0,4806.0,2558.0,2935.0,9940.0,9916.0,7708.0,12569.0,10757.0,10168.0,4954.0,2259.0,464.0,75207.0,5084.0,4577.0,4635.0,2584.0,1798.0,6629.0,7065.0,6142.0,9956.0,8822.0,8973.0,5281.0,2635.0,1026.0,24373.0,12941.0,633.0,528.0,702.0,336.0,545.0,1607.0,1615.0,827.0,1581.0,1685.0,1477.0,966.0,369.0,70.0,11432.0,424.0,497.0,777.0,521.0,196.0,1132.0,927.0,759.0,1271.0,1768.0,1660.0,906.0,310.0,284.0,398526.0,187741.0,10115.0,9951.0,9883.0,6059.0,5759.0,14348.0,17947.0,17375.0,28060.0,24720.0,19887.0,14195.0,6876.0,2566.0,210785.0,9275.0,8918.0,9422.0,5858.0,4981.0,12292.0,17527.0,18469.0,33067.0,30649.0,26027.0,19810.0,9950.0,4540.0,13727.0,6858.0,477.0,,,,,,,,,,,,,,,,,,,,,,,,,,,,,,,,,,,,,,,,,,,,,,,,,,,,,,,,,,,,,,,,,,,,,,,,,,,,,,,,,,,,,,,,,,,,,,,,,,,,,,,,,,,,,,,,,,,,,,,,,,,,,,,,,,,,,,,,,,,,,,,,,,,,,,,,
37,San Francisco,Bay Area,075,392476.0,212189.0,8018.0,5589.0,4763.0,2417.0,2167.0,8226.0,26795.0,30272.0,38858.0,31561.0,24928.0,17492.0,7944.0,3159.0,180287.0,7556.0,5051.0,4828.0,2590.0,2817.0,8698.0,23467.0,24898.0,30088.0,22095.0,18068.0,16099.0,8327.0,5705.0,44930.0,23558.0,1056.0,727.0,905.0,666.0,608.0,1465.0,2417.0,2271.0,3065.0,3412.0,3439.0,2143.0,851.0,533.0,21372.0,1144.0,805.0,1104.0,605.0,502.0,1595.0,2069.0,1891.0,2469.0,2389.0,2841.0,1951.0,1274.0,733.0,3800.0,2141.0,131.0,97.0,61.0,104.0,24.0,208.0,125.0,171.0,401.0,377.0,279.0,66.0,73.0,24.0,1659.0,0.0,337.0,11.0,86.0,42.0,154.0,112.0,73.0,330.0,187.0,131.0,185.0,11.0,0.0,300339.0,139396.0,4610.0,4444.0,5173.0,3073.0,2166.0,8277.0,15180.0,14361.0,19317.0,18461.0,18525.0,14187.0,7794.0,3828.0,160943.0,4388.0,4007.0,4155.0,3156.0,2128.0,9162.0,16385.0,15501.0,22760.0,21336.0,22505.0,18005.0,10202.0,7253.0,3179.0,1686.0,3.0,,,,,,,,,,,,,,,,,,,,,,,,,,,,,,,,,,,,,,,,,,,,,,,,,,,,,,,,,,,,,,,,,,,,,,,,,,,,,,,,,,,,,,,,,,,,,,,,,,,,,,,,,,,,,,,,,,,,,,,,,,,,,,,,,,,,,,,,,,,,,,,,,,,,,,,,
38,San Joaquin,San Joaquin Valley,077,387165.0,193614.0,12313.0,13534.0,13425.0,8268.0,5357.0,12499.0,13802.0,13049.0,24164.0,24777.0,24598.0,16853.0,7650.0,3325.0,193551.0,11802.0,12625.0,13028.0,7224.0,4645.0,11732.0,12703.0,12097.0,23269.0,25017.0,24950.0,18704.0,10017.0,5738.0,53116.0,26367.0,1797.0,1749.0,1941.0,1255.0,876.0,2205.0,2085.0,1808.0,3508.0,3260.0,3217.0,1765.0,690.0,211.0,26749.0,1648.0,1857.0,2032.0,1123.0,658.0,1881.0,2148.0,1736.0,3381.0,3473.0,3387.0,2162.0,777.0,486.0,4695.0,2551.0,111.0,190.0,215.0,99.0,71.0,97.0,261.0,184.0,424.0,351.0,278.0,144.0,97.0,29.0,2144.0,102.0,80.0,284.0,165.0,74.0,118.0,106.0,130.0,281.0,211.0,313.0,148.0,76.0,56.0,119446.0,57867.0,4311.0,4351.0,4514.0,2254.0,1412.0,3899.0,4602.0,4517.0,8260.0,7390.0,6111.0,3694.0,1998.0,554.0,61579.0,3658.0,4146.0,4375.0,2438.0,1539.0,3966.0,4488.0,4675.0,9282.0,7755.0,6911.0,5129.0,2077.0,1140.0,4597.0,2414.0,83.0,,,,,,,,,,,,,,,,,,,,,,,,,,,,,,,,,,,,,,,,,,,,,,,,,,,,,,,,,,,,,,,,,,,,,,,,,,,,,,,,,,,,,,,,,,,,,,,,,,,,,,,,,,,,,,,,,,,,,,,,,,,,,,,,,,,,,,,,,,,,,,,,,,,,,,,,
39,San Luis Obispo,Central Coast,079,233297.0,116049.0,5099.0,5398.0,5734.0,3441.0,5026.0,12490.0,6883.0,6528.0,12957.0,12618.0,15704.0,14862.0,6480.0,2829.0,117248.0,5042.0,5102.0,5459.0,3182.0,4766.0,10933.0,6391.0,6196.0,11883.0,12515.0,18010.0,15960.0,8151.0,3658.0,4865.0,3305.0,0.0,51.0,107.0,23.0,110.0,493.0,371.0,378.0,426.0,698.0,447.0,171.0,30.0,0.0,1560.0,142.0,70.0,132.0,38.0,183.0,47.0,189.0,75.0,146.0,209.0,135.0,171.0,0.0,23.0,2383.0,1096.0,62.0,0.0,4.0,18.0,17.0,80.0,45.0,111.0,105.0,199.0,256.0,95.0,75.0,29.0,1287.0,24.0,146.0,95.0,0.0,69.0,111.0,40.0,0.0,117.0,200.0,294.0,117.0,33.0,41.0,10559.0,4846.0,104.0,84.0,206.0,68.0,713.0,833.0,388.0,293.0,573.0,521.0,450.0,376.0,193.0,44.0,5713.0,76.0,177.0,227.0,162.0,934.0,541.0,302.0,263.0,701.0,741.0,697.0,488.0,337.0,67.0,258.0,164.0,0.0,,,,,,,,,,,,,,,,,,,,,,,,,,,,,,,,,,,,,,,,,,,,,,,,,,,,,,,,,,,,,,,,,,,,,,,,,,,,,,,,,,,,,,,,,,,,,,,,,,,,,,,,,,,,,,,,,,,,,,,,,,,,,,,,,,,,,,,,,,,,,,,,,,,,,,,,
40,San Mateo,Bay Area,081,369924.0,186460.0,9350.0,9888.0,9565.0,6405.0,3531.0,8644.0,12342.0,13257.0,24826.0,27092.0,28220.0,19357.0,9522.0,4461.0,183464.0,7964.0,8172.0,10024.0,6132.0,2833.0,8421.0,10330.0,11509.0,23420.0,26629.0,26980.0,21077.0,12422.0,7551.0,18104.0,9283.0,457.0,415.0,358.0,236.0,142.0,613.0,704.0,934.0,1224.0,1289.0,1385.0,892.0,451.0,183.0,8821.0,442.0,508.0,312.0,221.0,84.0,683.0,744.0,526.0,982.0,1071.0,1338.0,937.0,742.0,231.0,3917.0,1838.0,192.0,0.0,26.0,41.0,93.0,159.0,147.0,71.0,375.0,202.0,290.0,159.0,83.0,0.0,2079.0,148.0,81.0,101.0,41.0,25.0,108.0,93.0,266.0,367.0,247.0,206.0,208.0,133.0,55.0,225027.0,106293.0,5713.0,5705.0,5386.0,3005.0,1933.0,5904.0,9518.0,10135.0,18040.0,14207.0,12519.0,8645.0,3694.0,1889.0,118734.0,5659.0,5276.0,4759.0,2915.0,1610.0,5413.0,9066.0,10464.0,20449.0,17377.0,15896.0,11268.0,5803.0,2779.0,9611.0,4931.0,578.0,,,,,,,,,,,,,,,,,,,,,,,,,,,,,,,,,,,,,,,,,,,,,,,,,,,,,,,,,,,,,,,,,,,,,,,,,,,,,,,,,,,,,,,,,,,,,,,,,,,,,,,,,,,,,,,,,,,,,,,,,,,,,,,,,,,,,,,,,,,,,,,,,,,,,,,,
41,Santa Barbara,Central Coast,083,319547.0,158765.0,9722.0,9828.0,9413.0,5525.0,5998.0,16481.0,11352.0,10028.0,18475.0,17095.0,18850.0,14818.0,7804.0,3376.0,160782.0,9371.0,9336.0,9545.0,5064.0,6365.0,15698.0,10374.0,8841.0,16977.0,17472.0,20150.0,16390.0,9564.0,5635.0,8474.0,4517.0,159.0,103.0,235.0,81.0,160.0,531.0,579.0,373.0,691.0,608.0,496.0,289.0,92.0,120.0,3957.0,107.0,281.0,183.0,112.0,350.0,589.0,415.0,205.0,406.0,287.0,477.0,287.0,128.0,130.0,4941.0,2604.0,65.0,162.0,231.0,166.0,107.0,294.0,145.0,208.0,296.0,427.0,303.0,124.0,76.0,0.0,2337.0,43.0,202.0,209.0,115.0,33.0,165.0,159.0,177.0,273.0,405.0,256.0,184.0,99.0,17.0,24678.0,12002.0,269.0,384.0,501.0,397.0,1475.0,2285.0,1085.0,858.0,1207.0,1210.0,1213.0,734.0,287.0,97.0,12676.0,410.0,271.0,555.0,322.0,1880.0,1718.0,944.0,607.0,1479.0,1372.0,1421.0,995.0,489.0,213.0,528.0,396.0,15.0,,,,,,,,,,,,,,,,,,,,,,,,,,,,,,,,,,,,,,,,,,,,,,,,,,,,,,,,,,,,,,,,,,,,,,,,,,,,,,,,,,,,,,,,,,,,,,,,,,,,,,,,,,,,,,,,,,,,,,,,,,,,,,,,,,,,,,,,,,,,,,,,,,,,,,,,
42,Santa Clara,Bay Area,085,801381.0,409637.0,19699.0,20605.0,22744.0,13840.0,9001.0,23734.0,30392.0,31772.0,55095.0,58820.0,59432.0,36762.0,19264.0,8477.0,391744.0,18212.0,19445.0,21825.0,13312.0,8591.0,21355.0,25805.0,26258.0,48769.0,53977.0,55706.0,39959.0,24311.0,14219.0,47379.0,25050.0,1429.0,1554.0,1255.0,661.0,768.0,2158.0,2547.0,2295.0,3666.0,3170.0,3197.0,1520.0,671.0,159.0,22329.0,1231.0,1264.0,1230.0,959.0,821.0,1762.0,1956.0,1695.0,3104.0,2545.0,2879.0,1664.0,699.0,520.0,9990.0,5139.0,363.0,548.0,354.0,218.0,298.0,336.0,318.0,418.0,725.0,628.0,550.0,221.0,150.0,12.0,4851.0,210.0,409.0,342.0,178.0,151.0,468.0,251.0,271.0,723.0,606.0,622.0,374.0,161.0,85.0,724855.0,360783.0,21364.0,21132.0,21301.0,12061.0,6501.0,20888.0,35072.0,36070.0,59304.0,50710.0,36860.0,23086.0,11879.0,4555.0,364072.0,20559.0,19966.0,19260.0,11103.0,5928.0,18054.0,30088.0,32551.0,61133.0,53897.0,41603.0,28149.0,14159.0,7622.0,6949.0,3574.0,157.0,,,,,,,,,,,,,,,,,,,,,,,,,,,,,,,,,,,,,,,,,,,,,,,,,,,,,,,,,,,,,,,,,,,,,,,,,,,,,,,,,,,,,,,,,,,,,,,,,,,,,,,,,,,,,,,,,,,,,,,,,,,,,,,,,,,,,,,,,,,,,,,,,,,,,,,,
43,Santa Cruz,Central Coast,087,195781.0,96718.0,4274.0,4600.0,4452.0,2885.0,4002.0,9088.0,6379.0,5558.0,10391.0,12849.0,14473.0,11890.0,4402.0,1475.0,99063.0,4200.0,3815.0,5110.0,2816.0,4510.0,8608.0,5362.0,5237.0,11167.0,12288.0,14945.0,12657.0,5196.0,3152.0,3472.0,1753.0,0.0,167.0,92.0,8.0,91.0,262.0,167.0,99.0,335.0,142.0,191.0,100.0,52.0,47.0,1719.0,57.0,139.0,96.0,111.0,201.0,226.0,157.0,147.0,86.0,250.0,179.0,28.0,42.0,0.0,1708.0,861.0,19.0,81.0,15.0,63.0,7.0,8.0,22.0,59.0,85.0,214.0,226.0,31.0,28.0,3.0,847.0,85.0,16.0,5.0,14.0,87.0,88.0,40.0,52.0,173.0,59.0,101.0,111.0,16.0,0.0,13563.0,6383.0,186.0,197.0,90.0,208.0,1082.0,1016.0,427.0,215.0,662.0,733.0,703.0,568.0,225.0,71.0,7180.0,61.0,258.0,159.0,66.0,1096.0,1048.0,442.0,374.0,701.0,942.0,975.0,579.0,232.0,247.0,484.0,270.0,0.0,,,,,,,,,,,,,,,,,,,,,,,,,,,,,,,,,,,,,,,,,,,,,,,,,,,,,,,,,,,,,,,,,,,,,,,,,,,,,,,,,,,,,,,,,,,,,,,,,,,,,,,,,,,,,,,,,,,,,,,,,,,,,,,,,,,,,,,,,,,,,,,,,,,,,,,,
44,Shasta,Far North,089,152586.0,74693.0,4268.0,4420.0,4169.0,2646.0,1506.0,4095.0,4814.0,4737.0,8608.0,8725.0,11025.0,9386.0,4550.0,1744.0,77893.0,4046.0,3949.0,4288.0,2540.0,1391.0,3711.0,4565.0,4724.0,8270.0,9417.0,12384.0,10551.0,5495.0,2562.0,1912.0,1185.0,108.0,159.0,58.0,41.0,15.0,95.0,99.0,69.0,49.0,141.0,217.0,85.0,49.0,0.0,727.0,94.0,39.0,23.0,53.0,40.0,91.0,62.0,31.0,141.0,97.0,16.0,17.0,0.0,23.0,4420.0,2269.0,173.0,241.0,135.0,149.0,80.0,167.0,187.0,197.0,263.0,162.0,262.0,194.0,51.0,8.0,2151.0,119.0,51.0,208.0,52.0,34.0,138.0,215.0,136.0,299.0,240.0,358.0,218.0,24.0,59.0,5772.0,2625.0,109.0,154.0,124.0,85.0,133.0,191.0,305.0,310.0,360.0,303.0,274.0,161.0,46.0,70.0,3147.0,123.0,248.0,222.0,131.0,67.0,214.0,290.0,376.0,403.0,372.0,347.0,216.0,79.0,59.0,281.0,124.0,18.0,,,,,,,,,,,,,,,,,,,,,,,,,,,,,,,,,,,,,,,,,,,,,,,,,,,,,,,,,,,,,,,,,,,,,,,,,,,,,,,,,,,,,,,,,,,,,,,,,,,,,,,,,,,,,,,,,,,,,,,,,,,,,,,,,,,,,,,,,,,,,,,,,,,,,,,,
45,Sierra,Far North,091,2722.0,1378.0,104.0,52.0,63.0,27.0,34.0,0.0,89.0,85.0,124.0,165.0,262.0,215.0,149.0,9.0,1344.0,18.0,50.0,77.0,46.0,14.0,63.0,29.0,16.0,140.0,195.0,266.0,231.0,160.0,39.0,3.0,2.0,0.0,0.0,0.0,0.0,0.0,0.0,0.0,0.0,0.0,0.0,0.0,0.0,2.0,0.0,1.0,0.0,0.0,0.0,0.0,1.0,0.0,0.0,0.0,0.0,0.0,0.0,0.0,0.0,0.0,69.0,59.0,0.0,0.0,0.0,0.0,0.0,0.0,0.0,13.0,0.0,0.0,44.0,0.0,0.0,2.0,10.0,0.0,0.0,0.0,0.0,0.0,0.0,0.0,0.0,0.0,0.0,6.0,4.0,0.0,0.0,0.0,0.0,0.0,0.0,0.0,0.0,0.0,0.0,0.0,0.0,0.0,0.0,0.0,0.0,0.0,0.0,0.0,0.0,0.0,0.0,0.0,0.0,0.0,0.0,0.0,0.0,0.0,0.0,0.0,0.0,0.0,0.0,0.0,0.0,,,,,,,,,,,,,,,,,,,,,,,,,,,,,,,,,,,,,,,,,,,,,,,,,,,,,,,,,,,,,,,,,,,,,,,,,,,,,,,,,,,,,,,,,,,,,,,,,,,,,,,,,,,,,,,,,,,,,,,,,,,,,,,,,,,,,,,,,,,,,,,,,,,,,,,,
46,Siskiyou,Far North,093,36195.0,18129.0,863.0,753.0,1185.0,618.0,347.0,890.0,954.0,980.0,1877.0,1908.0,2939.0,3045.0,1296.0,474.0,18066.0,767.0,1056.0,669.0,574.0,293.0,696.0,866.0,919.0,1844.0,2011.0,3264.0,3088.0,1492.0,527.0,668.0,412.0,34.0,16.0,6.0,0.0,38.0,33.0,0.0,9.0,107.0,26.0,94.0,19.0,30.0,0.0,256.0,28.0,10.0,29.0,2.0,3.0,29.0,0.0,0.0,6.0,7.0,109.0,20.0,13.0,0.0,1686.0,762.0,72.0,32.0,84.0,46.0,6.0,20.0,61.0,37.0,65.0,101.0,68.0,124.0,43.0,3.0,924.0,57.0,85.0,50.0,43.0,19.0,38.0,36.0,70.0,49.0,117.0,170.0,146.0,28.0,16.0,547.0,246.0,0.0,0.0,14.0,13.0,0.0,1.0,73.0,22.0,1.0,24.0,74.0,24.0,0.0,0.0,301.0,0.0,0.0,0.0,0.0,35.0,23.0,7.0,15.0,15.0,76.0,42.0,81.0,5.0,2.0,160.0,80.0,0.0,,,,,,,,,,,,,,,,,,,,,,,,,,,,,,,,,,,,,,,,,,,,,,,,,,,,,,,,,,,,,,,,,,,,,,,,,,,,,,,,,,,,,,,,,,,,,,,,,,,,,,,,,,,,,,,,,,,,,,,,,,,,,,,,,,,,,,,,,,,,,,,,,,,,,,,,
47,Solano,Bay Area,095,225258.0,111929.0,5588.0,6406.0,6532.0,3324.0,2385.0,6918.0,8328.0,8516.0,13812.0,14685.0,16518.0,12090.0,5114.0,1713.0,113329.0,6115.0,6442.0,5824.0,3596.0,2080.0,6127.0,7394.0,8049.0,13249.0,14690.0,17273.0,13179.0,5998.0,3313.0,60991.0,30692.0,1332.0,1566.0,2022.0,1073.0,794.0,2373.0,2838.0,2276.0,3929.0,4255.0,4271.0,2583.0,1111.0,269.0,30299.0,1371.0,1682.0,1848.0,1206.0,649.0,1980.0,2444.0,1930.0,3451.0,4027.0,4849.0,2920.0,1395.0,547.0,2531.0,1361.0,44.0,52.0,176.0,46.0,71.0,93.0,73.0,29.0,163.0,128.0,286.0,81.0,82.0,37.0,1170.0,12.0,75.0,62.0,115.0,20.0,20.0,146.0,39.0,146.0,144.0,185.0,165.0,31.0,10.0,69169.0,31406.0,1622.0,1544.0,1748.0,1270.0,776.0,2004.0,2439.0,2177.0,4126.0,3947.0,4344.0,3460.0,1427.0,522.0,37763.0,1317.0,1557.0,1871.0,1123.0,498.0,2002.0,2564.0,2660.0,5252.0,5163.0,5634.0,4673.0,2147.0,1302.0,4212.0,2028.0,65.0,,,,,,,,,,,,,,,,,,,,,,,,,,,,,,,,,,,,,,,,,,,,,,,,,,,,,,,,,,,,,,,,,,,,,,,,,,,,,,,,,,,,,,,,,,,,,,,,,,,,,,,,,,,,,,,,,,,,,,,,,,,,,,,,,,,,,,,,,,,,,,,,,,,,,,,,
48,Sonoma,Bay Area,097,360200.0,173878.0,7475.0,8540.0,8008.0,5392.0,3795.0,8932.0,11019.0,11208.0,20879.0,22897.0,27538.0,24247.0,10013.0,3935.0,186322.0,6864.0,7910.0,7913.0,5177.0,4011.0,8667.0,10515.0,10738.0,21166.0,23874.0,31346.0,28346.0,12278.0,7517.0,8266.0,4270.0,168.0,216.0,316.0,99.0,178.0,288.0,243.0,217.0,779.0,645.0,640.0,345.0,56.0,80.0,3996.0,122.0,268.0,287.0,266.0,165.0,355.0,364.0,316.0,603.0,378.0,484.0,256.0,126.0,6.0,4441.0,2261.0,45.0,232.0,118.0,90.0,46.0,215.0,174.0,210.0,290.0,392.0,287.0,97.0,63.0,2.0,2180.0,114.0,97.0,110.0,30.0,43.0,242.0,211.0,149.0,248.0,279.0,389.0,122.0,132.0,14.0,21239.0,9587.0,387.0,392.0,618.0,407.0,334.0,706.0,685.0,580.0,1413.0,1413.0,1291.0,873.0,385.0,103.0,11652.0,328.0,247.0,705.0,379.0,328.0,710.0,807.0,750.0,1931.0,1991.0,1620.0,983.0,527.0,346.0,1614.0,677.0,34.0,,,,,,,,,,,,,,,,,,,,,,,,,,,,,,,,,,,,,,,,,,,,,,,,,,,,,,,,,,,,,,,,,,,,,,,,,,,,,,,,,,,,,,,,,,,,,,,,,,,,,,,,,,,,,,,,,,,,,,,,,,,,,,,,,,,,,,,,,,,,,,,,,,,,,,,,
49,Stanislaus,San Joaquin Valley,099,384703.0,189088.0,12974.0,13631.0,15024.0,8670.0,5083.0,12237.0,13778.0,13762.0,23696.0,23023.0,22214.0,15310.0,7195.0,2491.0,195615.0,13067.0,13353.0,14177.0,8321.0,5014.0,11894.0,13558.0,13166.0,24057.0,23349.0,23862.0,17944.0,9029.0,4824.0,16961.0,8650.0,627.0,413.0,992.0,471.0,175.0,719.0,882.0,573.0,1005.0,929.0,1085.0,545.0,174.0,60.0,8311.0,541.0,752.0,611.0,342.0,226.0,563.0,746.0,573.0,999.0,937.0,1009.0,613.0,255.0,144.0,4738.0,2314.0,193.0,161.0,115.0,113.0,26.0,103.0,242.0,127.0,255.0,364.0,336.0,192.0,65.0,22.0,2424.0,78.0,98.0,238.0,69.0,191.0,210.0,91.0,85.0,347.0,245.0,491.0,173.0,66.0,42.0,32003.0,15211.0,1036.0,1099.0,1098.0,746.0,312.0,1107.0,1164.0,1314.0,2143.0,1978.0,1498.0,1104.0,436.0,176.0,16792.0,1116.0,1177.0,887.0,553.0,370.0,903.0,1289.0,1444.0,2409.0,2364.0,2025.0,1399.0,684.0,172.0,3266.0,1599.0,10.0,,,,,,,,,,,,,,,,,,,,,,,,,,,,,,,,,,,,,,,,,,,,,,,,,,,,,,,,,,,,,,,,,,,,,,,,,,,,,,,,,,,,,,,,,,,,,,,,,,,,,,,,,,,,,,,,,,,,,,,,,,,,,,,,,,,,,,,,,,,,,,,,,,,,,,,,
50,Sutter,Far North,101,61307.0,30418.0,2096.0,2383.0,2119.0,1358.0,766.0,1683.0,2010.0,1887.0,3578.0,3848.0,3906.0,2726.0,1454.0,604.0,30889.0,1848.0,1789.0,2154.0,1291.0,661.0,1556.0,2013.0,2071.0,3941.0,3686.0,4004.0,3027.0,1927.0,921.0,1894.0,1084.0,43.0,11.0,40.0,49.0,14.0,125.0,80.0,68.0,158.0,191.0,184.0,67.0,36.0,18.0,810.0,10.0,56.0,59.0,0.0,0.0,32.0,163.0,100.0,32.0,79.0,113.0,82.0,42.0,42.0,1061.0,645.0,52.0,22.0,109.0,25.0,16.0,35.0,47.0,32.0,99.0,69.0,78.0,54.0,5.0,2.0,416.0,8.0,12.0,16.0,0.0,0.0,19.0,83.0,7.0,31.0,144.0,42.0,51.0,0.0,3.0,15997.0,7922.0,594.0,483.0,633.0,350.0,130.0,483.0,717.0,594.0,845.0,987.0,971.0,638.0,256.0,241.0,8075.0,463.0,553.0,483.0,239.0,160.0,424.0,657.0,634.0,1055.0,1014.0,1001.0,759.0,422.0,211.0,588.0,241.0,0.0,,,,,,,,,,,,,,,,,,,,,,,,,,,,,,,,,,,,,,,,,,,,,,,,,,,,,,,,,,,,,,,,,,,,,,,,,,,,,,,,,,,,,,,,,,,,,,,,,,,,,,,,,,,,,,,,,,,,,,,,,,,,,,,,,,,,,,,,,,,,,,,,,,,,,,,,
51,Tehama,Far North,103,53987.0,26960.0,1648.0,1545.0,2083.0,1093.0,510.0,1397.0,1587.0,1581.0,3243.0,3029.0,3810.0,3160.0,1808.0,466.0,27027.0,1376.0,1483.0,1882.0,945.0,464.0,1539.0,1504.0,1416.0,3037.0,3154.0,4160.0,3388.0,1881.0,798.0,420.0,279.0,0.0,15.0,0.0,0.0,0.0,0.0,52.0,11.0,53.0,19.0,53.0,75.0,1.0,0.0,141.0,0.0,0.0,14.0,12.0,1.0,0.0,60.0,9.0,6.0,0.0,18.0,0.0,21.0,0.0,865.0,366.0,0.0,0.0,24.0,2.0,0.0,26.0,0.0,44.0,89.0,46.0,67.0,40.0,28.0,0.0,499.0,9.0,26.0,43.0,25.0,10.0,0.0,40.0,26.0,73.0,37.0,31.0,153.0,8.0,18.0,1090.0,454.0,0.0,55.0,56.0,51.0,0.0,42.0,62.0,21.0,11.0,83.0,14.0,34.0,25.0,0.0,636.0,0.0,0.0,71.0,90.0,0.0,0.0,0.0,15.0,178.0,76.0,101.0,50.0,53.0,2.0,18.0,8.0,0.0,,,,,,,,,,,,,,,,,,,,,,,,,,,,,,,,,,,,,,,,,,,,,,,,,,,,,,,,,,,,,,,,,,,,,,,,,,,,,,,,,,,,,,,,,,,,,,,,,,,,,,,,,,,,,,,,,,,,,,,,,,,,,,,,,,,,,,,,,,,,,,,,,,,,,,,,
52,Trinity,Far North,105,10694.0,5332.0,281.0,188.0,307.0,151.0,123.0,171.0,177.0,225.0,664.0,530.0,1008.0,917.0,503.0,87.0,5362.0,292.0,297.0,170.0,137.0,90.0,186.0,210.0,269.0,561.0,644.0,1071.0,858.0,458.0,119.0,65.0,65.0,0.0,0.0,0.0,49.0,0.0,0.0,8.0,1.0,4.0,0.0,3.0,0.0,0.0,0.0,0.0,0.0,0.0,0.0,0.0,0.0,0.0,0.0,0.0,0.0,0.0,0.0,0.0,0.0,0.0,722.0,322.0,10.0,10.0,0.0,0.0,47.0,0.0,0.0,0.0,11.0,62.0,34.0,21.0,113.0,14.0,400.0,0.0,21.0,36.0,3.0,0.0,0.0,0.0,0.0,156.0,12.0,37.0,114.0,21.0,0.0,244.0,119.0,0.0,20.0,36.0,0.0,0.0,16.0,0.0,0.0,11.0,15.0,6.0,0.0,15.0,0.0,125.0,11.0,0.0,15.0,15.0,5.0,0.0,0.0,40.0,36.0,0.0,0.0,0.0,3.0,0.0,35.0,35.0,0.0,,,,,,,,,,,,,,,,,,,,,,,,,,,,,,,,,,,,,,,,,,,,,,,,,,,,,,,,,,,,,,,,,,,,,,,,,,,,,,,,,,,,,,,,,,,,,,,,,,,,,,,,,,,,,,,,,,,,,,,,,,,,,,,,,,,,,,,,,,,,,,,,,,,,,,,,
53,Tulare,San Joaquin Valley,107,309798.0,153527.0,11912.0,13908.0,13254.0,7326.0,4497.0,10477.0,11037.0,10515.0,19962.0,17277.0,15237.0,11035.0,4797.0,2293.0,156271.0,11827.0,12344.0,13267.0,7299.0,4151.0,10610.0,10604.0,11020.0,19631.0,16644.0,16691.0,12394.0,6383.0,3406.0,7606.0,4261.0,539.0,580.0,245.0,253.0,56.0,328.0,382.0,291.0,554.0,354.0,411.0,149.0,92.0,27.0,3345.0,254.0,345.0,219.0,171.0,19.0,236.0,319.0,328.0,370.0,284.0,420.0,128.0,26.0,226.0,5955.0,2999.0,271.0,298.0,249.0,89.0,209.0,80.0,172.0,228.0,392.0,408.0,394.0,163.0,24.0,22.0,2956.0,144.0,150.0,324.0,270.0,17.0,166.0,207.0,159.0,576.0,314.0,275.0,236.0,85.0,33.0,17310.0,8480.0,600.0,849.0,815.0,393.0,295.0,473.0,506.0,579.0,1001.0,914.0,981.0,667.0,304.0,103.0,8830.0,419.0,594.0,873.0,371.0,286.0,470.0,630.0,738.0,1173.0,938.0,1090.0,680.0,155.0,413.0,618.0,376.0,15.0,,,,,,,,,,,,,,,,,,,,,,,,,,,,,,,,,,,,,,,,,,,,,,,,,,,,,,,,,,,,,,,,,,,,,,,,,,,,,,,,,,,,,,,,,,,,,,,,,,,,,,,,,,,,,,,,,,,,,,,,,,,,,,,,,,,,,,,,,,,,,,,,,,,,,,,,
54,Tuolumne,Sierras,109,46905.0,23806.0,971.0,1160.0,1088.0,664.0,401.0,1172.0,1455.0,1397.0,2597.0,2750.0,3777.0,3806.0,1885.0,683.0,23099.0,851.0,939.0,1130.0,701.0,269.0,1016.0,1160.0,1182.0,2223.0,2517.0,4171.0,3922.0,1932.0,1086.0,1007.0,813.0,3.0,0.0,0.0,2.0,24.0,133.0,149.0,114.0,154.0,127.0,66.0,27.0,14.0,0.0,194.0,30.0,0.0,0.0,0.0,1.0,2.0,19.0,3.0,15.0,70.0,27.0,14.0,13.0,0.0,948.0,483.0,34.0,21.0,18.0,33.0,43.0,32.0,22.0,60.0,79.0,21.0,32.0,62.0,26.0,0.0,465.0,16.0,11.0,38.0,1.0,8.0,10.0,18.0,33.0,31.0,77.0,123.0,90.0,9.0,0.0,753.0,383.0,0.0,46.0,0.0,17.0,11.0,96.0,13.0,46.0,25.0,27.0,49.0,34.0,1.0,18.0,370.0,18.0,24.0,23.0,0.0,0.0,6.0,0.0,30.0,12.0,107.0,85.0,24.0,37.0,4.0,146.0,66.0,2.0,,,,,,,,,,,,,,,,,,,,,,,,,,,,,,,,,,,,,,,,,,,,,,,,,,,,,,,,,,,,,,,,,,,,,,,,,,,,,,,,,,,,,,,,,,,,,,,,,,,,,,,,,,,,,,,,,,,,,,,,,,,,,,,,,,,,,,,,,,,,,,,,,,,,,,,,
55,Ventura,South Coast,111,637686.0,315135.0,18015.0,19532.0,20981.0,12631.0,8055.0,20507.0,21767.0,20246.0,39291.0,41979.0,43265.0,29376.0,13373.0,6117.0,322551.0,16536.0,18328.0,20994.0,12658.0,7417.0,20740.0,20328.0,19251.0,38537.0,42784.0,45104.0,32605.0,17360.0,9909.0,15422.0,8409.0,243.0,366.0,490.0,334.0,430.0,697.0,738.0,681.0,1021.0,1265.0,1149.0,685.0,282.0,28.0,7013.0,292.0,322.0,512.0,351.0,247.0,367.0,661.0,502.0,785.0,849.0,1044.0,586.0,260.0,235.0,6990.0,3966.0,230.0,205.0,221.0,190.0,128.0,404.0,317.0,499.0,759.0,290.0,412.0,198.0,70.0,43.0,3024.0,258.0,221.0,269.0,218.0,202.0,218.0,314.0,102.0,365.0,194.0,381.0,161.0,55.0,66.0,61239.0,28254.0,1356.0,1362.0,1680.0,1032.0,659.0,1703.0,1912.0,1966.0,3967.0,4359.0,3928.0,2457.0,1379.0,494.0,32985.0,1161.0,1522.0,1698.0,845.0,602.0,1643.0,1671.0,1955.0,5532.0,5205.0,4952.0,3435.0,1591.0,1173.0,1943.0,1030.0,49.0,,,,,,,,,,,,,,,,,,,,,,,,,,,,,,,,,,,,,,,,,,,,,,,,,,,,,,,,,,,,,,,,,,,,,,,,,,,,,,,,,,,,,,,,,,,,,,,,,,,,,,,,,,,,,,,,,,,,,,,,,,,,,,,,,,,,,,,,,,,,,,,,,,,,,,,,
56,Yolo,Sacramento Metro,113,145299.0,70460.0,3934.0,4146.0,4032.0,2674.0,3179.0,7910.0,5471.0,4658.0,8697.0,8197.0,8058.0,5836.0,2657.0,1011.0,74839.0,3894.0,3961.0,4245.0,2708.0,3726.0,8690.0,4865.0,4366.0,8791.0,8438.0,8850.0,7014.0,3503.0,1788.0,5694.0,2994.0,61.0,44.0,312.0,187.0,265.0,302.0,275.0,221.0,457.0,274.0,347.0,222.0,19.0,8.0,2700.0,43.0,168.0,151.0,103.0,223.0,688.0,112.0,167.0,419.0,92.0,248.0,135.0,86.0,65.0,1420.0,761.0,28.0,20.0,79.0,41.0,0.0,81.0,133.0,32.0,51.0,56.0,118.0,114.0,0.0,8.0,659.0,25.0,0.0,0.0,53.0,8.0,33.0,60.0,61.0,102.0,90.0,106.0,53.0,12.0,56.0,31584.0,14843.0,678.0,299.0,566.0,518.0,1748.0,3870.0,1063.0,1015.0,1598.0,1249.0,1123.0,632.0,320.0,164.0,16741.0,470.0,616.0,542.0,505.0,2183.0,4255.0,1313.0,1015.0,1692.0,1532.0,1190.0,847.0,361.0,220.0,1018.0,415.0,44.0,,,,,,,,,,,,,,,,,,,,,,,,,,,,,,,,,,,,,,,,,,,,,,,,,,,,,,,,,,,,,,,,,,,,,,,,,,,,,,,,,,,,,,,,,,,,,,,,,,,,,,,,,,,,,,,,,,,,,,,,,,,,,,,,,,,,,,,,,,,,,,,,,,,,,,,,
57,Yuba,Far North,115,56990.0,28559.0,2224.0,2476.0,1730.0,1090.0,735.0,1934.0,2145.0,2220.0,3739.0,3138.0,3270.0,2508.0,803.0,547.0,28431.0,2169.0,2281.0,1922.0,1110.0,505.0,1631.0,2077.0,2249.0,3707.0,2934.0,3596.0,2563.0,1182.0,505.0,2632.0,1544.0,108.0,59.0,150.0,75.0,72.0,184.0,108.0,41.0,263.0,175.0,206.0,79.0,24.0,0.0,1088.0,88.0,75.0,26.0,28.0,13.0,76.0,194.0,72.0,98.0,128.0,167.0,92.0,18.0,13.0,1030.0,491.0,0.0,19.0,7.0,31.0,18.0,23.0,31.0,20.0,82.0,46.0,170.0,44.0,0.0,0.0,539.0,26.0,29.0,28.0,4.0,9.0,98.0,38.0,0.0,86.0,69.0,106.0,11.0,11.0,24.0,5631.0,2957.0,395.0,201.0,270.0,169.0,124.0,234.0,332.0,198.0,453.0,195.0,199.0,181.0,6.0,0.0,2674.0,195.0,334.0,244.0,75.0,5.0,198.0,153.0,314.0,378.0,290.0,256.0,135.0,46.0,51.0,310.0,155.0,0.0,,,,,,,,,,,,,,,,,,,,,,,,,,,,,,,,,,,,,,,,,,,,,,,,,,,,,,,,,,,,,,,,,,,,,,,,,,,,,,,,,,,,,,,,,,,,,,,,,,,,,,,,,,,,,,,,,,,,,,,,,,,,,,,,,,,,,,,,,,,,,,,,,,,,,,,,
